ts,pid,cpu_perc,rss_mb,command
1783329844,58925,0.0,38.7,/opt/homebrew/opt/ollama/bin/ollama
1783329844,60034,0.0,13.3,/opt/homebrew/Cellar/ollama/0.31.1/libexec/lib/ollama/llama-server
1783329844,62829,0.1,1875.7,/opt/homebrew/Cellar/ollama/0.31.1/libexec/lib/ollama/llama-server
1783329846,58925,10.1,39.3,/opt/homebrew/opt/ollama/bin/ollama
1783329846,60034,0.0,13.2,/opt/homebrew/Cellar/ollama/0.31.1/libexec/lib/ollama/llama-server
1783329846,62829,2.6,1899.1,/opt/homebrew/Cellar/ollama/0.31.1/libexec/lib/ollama/llama-server
1783329848,58925,0.0,32.1,/opt/homebrew/opt/ollama/bin/ollama
1783329848,60034,0.0,13.2,/opt/homebrew/Cellar/ollama/0.31.1/libexec/lib/ollama/llama-server
1783329848,62829,3.5,1994.5,/opt/homebrew/Cellar/ollama/0.31.1/libexec/lib/ollama/llama-server
1783329850,58925,1.0,34.7,/opt/homebrew/opt/ollama/bin/ollama
1783329850,60034,0.0,13.2,/opt/homebrew/Cellar/ollama/0.31.1/libexec/lib/ollama/llama-server
1783329850,62829,2.0,2104.8,/opt/homebrew/Cellar/ollama/0.31.1/libexec/lib/ollama/llama-server
1783329852,58925,0.0,34.7,/opt/homebrew/opt/ollama/bin/ollama
1783329852,60034,0.0,13.2,/opt/homebrew/Cellar/ollama/0.31.1/libexec/lib/ollama/llama-server
1783329852,62829,0.1,2104.8,/opt/homebrew/Cellar/ollama/0.31.1/libexec/lib/ollama/llama-server
1783329854,58925,2.1,33.9,/opt/homebrew/opt/ollama/bin/ollama
1783329854,60034,0.0,13.2,/opt/homebrew/Cellar/ollama/0.31.1/libexec/lib/ollama/llama-server
1783329854,62829,1.4,2097.8,/opt/homebrew/Cellar/ollama/0.31.1/libexec/lib/ollama/llama-server
1783329856,58925,0.2,33.9,/opt/homebrew/opt/ollama/bin/ollama
1783329856,60034,0.0,13.2,/opt/homebrew/Cellar/ollama/0.31.1/libexec/lib/ollama/llama-server
1783329856,62829,5.2,2098.1,/opt/homebrew/Cellar/ollama/0.31.1/libexec/lib/ollama/llama-server
1783329858,58925,6.3,33.9,/opt/homebrew/opt/ollama/bin/ollama
1783329858,60034,0.0,13.2,/opt/homebrew/Cellar/ollama/0.31.1/libexec/lib/ollama/llama-server
1783329858,62829,7.5,2409.0,/opt/homebrew/Cellar/ollama/0.31.1/libexec/lib/ollama/llama-server
1783329860,58925,1.2,34.5,/opt/homebrew/opt/ollama/bin/ollama
1783329860,60034,0.0,13.2,/opt/homebrew/Cellar/ollama/0.31.1/libexec/lib/ollama/llama-server
1783329860,62829,0.4,2410.5,/opt/homebrew/Cellar/ollama/0.31.1/libexec/lib/ollama/llama-server
1783329862,58925,0.0,34.5,/opt/homebrew/opt/ollama/bin/ollama
1783329862,60034,0.0,13.2,/opt/homebrew/Cellar/ollama/0.31.1/libexec/lib/ollama/llama-server
1783329862,62829,0.1,2396.7,/opt/homebrew/Cellar/ollama/0.31.1/libexec/lib/ollama/llama-server
1783329864,58925,0.0,34.3,/opt/homebrew/opt/ollama/bin/ollama
1783329864,60034,0.0,13.2,/opt/homebrew/Cellar/ollama/0.31.1/libexec/lib/ollama/llama-server
1783329864,62829,0.1,2393.3,/opt/homebrew/Cellar/ollama/0.31.1/libexec/lib/ollama/llama-server
1783329866,58925,0.0,17.5,/opt/homebrew/opt/ollama/bin/ollama
1783329866,60034,0.0,13.1,/opt/homebrew/Cellar/ollama/0.31.1/libexec/lib/ollama/llama-server
1783329866,62829,0.7,2620.6,/opt/homebrew/Cellar/ollama/0.31.1/libexec/lib/ollama/llama-server
1783329869,58925,4.8,33.5,/opt/homebrew/opt/ollama/bin/ollama
1783329869,60034,0.0,13.2,/opt/homebrew/Cellar/ollama/0.31.1/libexec/lib/ollama/llama-server
1783329869,62829,18.5,2775.0,/opt/homebrew/Cellar/ollama/0.31.1/libexec/lib/ollama/llama-server
1783329871,58925,0.0,33.5,/opt/homebrew/opt/ollama/bin/ollama
1783329871,60034,0.0,13.2,/opt/homebrew/Cellar/ollama/0.31.1/libexec/lib/ollama/llama-server
1783329871,62829,0.1,2751.4,/opt/homebrew/Cellar/ollama/0.31.1/libexec/lib/ollama/llama-server
1783329873,58925,28.7,34.7,/opt/homebrew/opt/ollama/bin/ollama
1783329873,60034,0.0,13.2,/opt/homebrew/Cellar/ollama/0.31.1/libexec/lib/ollama/llama-server
1783329873,62829,0.1,2442.3,/opt/homebrew/Cellar/ollama/0.31.1/libexec/lib/ollama/llama-server
1783329875,58925,0.0,34.7,/opt/homebrew/opt/ollama/bin/ollama
1783329875,60034,0.0,13.2,/opt/homebrew/Cellar/ollama/0.31.1/libexec/lib/ollama/llama-server
1783329875,62829,0.1,2442.6,/opt/homebrew/Cellar/ollama/0.31.1/libexec/lib/ollama/llama-server
1783329877,58925,0.1,34.7,/opt/homebrew/opt/ollama/bin/ollama
1783329877,60034,0.0,13.2,/opt/homebrew/Cellar/ollama/0.31.1/libexec/lib/ollama/llama-server
1783329877,62829,5.7,2442.7,/opt/homebrew/Cellar/ollama/0.31.1/libexec/lib/ollama/llama-server
1783329879,58925,0.1,34.7,/opt/homebrew/opt/ollama/bin/ollama
1783329879,60034,0.0,13.2,/opt/homebrew/Cellar/ollama/0.31.1/libexec/lib/ollama/llama-server
1783329879,62829,5.5,2442.9,/opt/homebrew/Cellar/ollama/0.31.1/libexec/lib/ollama/llama-server
1783329881,58925,0.1,34.7,/opt/homebrew/opt/ollama/bin/ollama
1783329881,60034,0.0,13.2,/opt/homebrew/Cellar/ollama/0.31.1/libexec/lib/ollama/llama-server
1783329881,62829,5.6,2443.0,/opt/homebrew/Cellar/ollama/0.31.1/libexec/lib/ollama/llama-server
1783329883,58925,0.2,34.7,/opt/homebrew/opt/ollama/bin/ollama
1783329883,60034,0.0,13.2,/opt/homebrew/Cellar/ollama/0.31.1/libexec/lib/ollama/llama-server
1783329883,62829,5.7,2443.1,/opt/homebrew/Cellar/ollama/0.31.1/libexec/lib/ollama/llama-server
1783329885,58925,0.1,34.7,/opt/homebrew/opt/ollama/bin/ollama
1783329885,60034,0.0,13.2,/opt/homebrew/Cellar/ollama/0.31.1/libexec/lib/ollama/llama-server
1783329885,62829,5.6,2443.2,/opt/homebrew/Cellar/ollama/0.31.1/libexec/lib/ollama/llama-server
1783329887,58925,0.2,34.7,/opt/homebrew/opt/ollama/bin/ollama
1783329887,60034,0.0,13.2,/opt/homebrew/Cellar/ollama/0.31.1/libexec/lib/ollama/llama-server
1783329887,62829,5.8,2443.2,/opt/homebrew/Cellar/ollama/0.31.1/libexec/lib/ollama/llama-server
1783329889,58925,0.2,34.7,/opt/homebrew/opt/ollama/bin/ollama
1783329889,60034,0.0,13.2,/opt/homebrew/Cellar/ollama/0.31.1/libexec/lib/ollama/llama-server
1783329889,62829,6.2,2443.2,/opt/homebrew/Cellar/ollama/0.31.1/libexec/lib/ollama/llama-server
1783329891,58925,0.1,33.0,/opt/homebrew/opt/ollama/bin/ollama
1783329891,60034,0.0,13.2,/opt/homebrew/Cellar/ollama/0.31.1/libexec/lib/ollama/llama-server
1783329891,62829,5.7,2322.9,/opt/homebrew/Cellar/ollama/0.31.1/libexec/lib/ollama/llama-server
1783329893,58925,0.2,32.9,/opt/homebrew/opt/ollama/bin/ollama
1783329893,60034,0.0,13.2,/opt/homebrew/Cellar/ollama/0.31.1/libexec/lib/ollama/llama-server
1783329893,62829,6.1,2323.0,/opt/homebrew/Cellar/ollama/0.31.1/libexec/lib/ollama/llama-server
1783329895,58925,0.4,32.9,/opt/homebrew/opt/ollama/bin/ollama
1783329895,60034,0.0,13.2,/opt/homebrew/Cellar/ollama/0.31.1/libexec/lib/ollama/llama-server
1783329895,62829,7.1,2323.1,/opt/homebrew/Cellar/ollama/0.31.1/libexec/lib/ollama/llama-server
1783329897,58925,0.3,32.8,/opt/homebrew/opt/ollama/bin/ollama
1783329897,60034,0.0,13.2,/opt/homebrew/Cellar/ollama/0.31.1/libexec/lib/ollama/llama-server
1783329897,62829,6.7,2323.0,/opt/homebrew/Cellar/ollama/0.31.1/libexec/lib/ollama/llama-server
1783329899,58925,0.2,32.8,/opt/homebrew/opt/ollama/bin/ollama
1783329899,60034,0.0,13.2,/opt/homebrew/Cellar/ollama/0.31.1/libexec/lib/ollama/llama-server
1783329899,62829,6.2,2323.0,/opt/homebrew/Cellar/ollama/0.31.1/libexec/lib/ollama/llama-server
1783329901,58925,0.1,32.8,/opt/homebrew/opt/ollama/bin/ollama
1783329901,60034,0.0,13.2,/opt/homebrew/Cellar/ollama/0.31.1/libexec/lib/ollama/llama-server
1783329901,62829,6.0,2323.0,/opt/homebrew/Cellar/ollama/0.31.1/libexec/lib/ollama/llama-server
1783329903,58925,0.2,32.8,/opt/homebrew/opt/ollama/bin/ollama
1783329903,60034,0.0,13.2,/opt/homebrew/Cellar/ollama/0.31.1/libexec/lib/ollama/llama-server
1783329903,62829,6.3,2322.8,/opt/homebrew/Cellar/ollama/0.31.1/libexec/lib/ollama/llama-server
1783329905,58925,0.2,32.9,/opt/homebrew/opt/ollama/bin/ollama
1783329905,60034,0.0,13.2,/opt/homebrew/Cellar/ollama/0.31.1/libexec/lib/ollama/llama-server
1783329905,62829,5.9,2322.9,/opt/homebrew/Cellar/ollama/0.31.1/libexec/lib/ollama/llama-server
1783329907,58925,0.2,32.9,/opt/homebrew/opt/ollama/bin/ollama
1783329907,60034,0.0,13.2,/opt/homebrew/Cellar/ollama/0.31.1/libexec/lib/ollama/llama-server
1783329907,62829,6.3,2323.0,/opt/homebrew/Cellar/ollama/0.31.1/libexec/lib/ollama/llama-server
1783329909,58925,0.1,32.9,/opt/homebrew/opt/ollama/bin/ollama
1783329909,60034,0.0,13.2,/opt/homebrew/Cellar/ollama/0.31.1/libexec/lib/ollama/llama-server
1783329909,62829,5.7,2323.0,/opt/homebrew/Cellar/ollama/0.31.1/libexec/lib/ollama/llama-server
1783329911,58925,0.1,32.9,/opt/homebrew/opt/ollama/bin/ollama
1783329911,60034,0.0,13.2,/opt/homebrew/Cellar/ollama/0.31.1/libexec/lib/ollama/llama-server
1783329911,62829,5.8,2323.0,/opt/homebrew/Cellar/ollama/0.31.1/libexec/lib/ollama/llama-server
1783329913,58925,0.1,31.7,/opt/homebrew/opt/ollama/bin/ollama
1783329913,60034,0.0,13.2,/opt/homebrew/Cellar/ollama/0.31.1/libexec/lib/ollama/llama-server
1783329913,62829,5.7,2284.4,/opt/homebrew/Cellar/ollama/0.31.1/libexec/lib/ollama/llama-server
1783329915,58925,0.0,31.6,/opt/homebrew/opt/ollama/bin/ollama
1783329915,60034,0.0,13.2,/opt/homebrew/Cellar/ollama/0.31.1/libexec/lib/ollama/llama-server
1783329915,62829,5.7,2254.2,/opt/homebrew/Cellar/ollama/0.31.1/libexec/lib/ollama/llama-server
1783329917,58925,0.1,31.6,/opt/homebrew/opt/ollama/bin/ollama
1783329917,60034,0.0,13.2,/opt/homebrew/Cellar/ollama/0.31.1/libexec/lib/ollama/llama-server
1783329917,62829,5.5,2254.3,/opt/homebrew/Cellar/ollama/0.31.1/libexec/lib/ollama/llama-server
1783329919,58925,0.1,31.7,/opt/homebrew/opt/ollama/bin/ollama
1783329919,60034,0.0,13.2,/opt/homebrew/Cellar/ollama/0.31.1/libexec/lib/ollama/llama-server
1783329919,62829,5.7,2226.1,/opt/homebrew/Cellar/ollama/0.31.1/libexec/lib/ollama/llama-server
1783329922,58925,0.1,31.7,/opt/homebrew/opt/ollama/bin/ollama
1783329922,60034,0.0,13.2,/opt/homebrew/Cellar/ollama/0.31.1/libexec/lib/ollama/llama-server
1783329922,62829,5.5,2226.2,/opt/homebrew/Cellar/ollama/0.31.1/libexec/lib/ollama/llama-server
1783329924,58925,0.1,31.7,/opt/homebrew/opt/ollama/bin/ollama
1783329924,60034,0.0,13.2,/opt/homebrew/Cellar/ollama/0.31.1/libexec/lib/ollama/llama-server
1783329924,62829,6.5,2226.9,/opt/homebrew/Cellar/ollama/0.31.1/libexec/lib/ollama/llama-server
1783329926,58925,0.2,31.7,/opt/homebrew/opt/ollama/bin/ollama
1783329926,60034,0.0,13.2,/opt/homebrew/Cellar/ollama/0.31.1/libexec/lib/ollama/llama-server
1783329926,62829,5.9,2226.9,/opt/homebrew/Cellar/ollama/0.31.1/libexec/lib/ollama/llama-server
1783329928,58925,0.2,31.7,/opt/homebrew/opt/ollama/bin/ollama
1783329928,60034,0.0,13.2,/opt/homebrew/Cellar/ollama/0.31.1/libexec/lib/ollama/llama-server
1783329928,62829,6.0,2226.9,/opt/homebrew/Cellar/ollama/0.31.1/libexec/lib/ollama/llama-server
1783329930,58925,0.2,31.7,/opt/homebrew/opt/ollama/bin/ollama
1783329930,60034,0.0,13.2,/opt/homebrew/Cellar/ollama/0.31.1/libexec/lib/ollama/llama-server
1783329930,62829,6.0,2128.1,/opt/homebrew/Cellar/ollama/0.31.1/libexec/lib/ollama/llama-server
1783329932,58925,0.2,31.7,/opt/homebrew/opt/ollama/bin/ollama
1783329932,60034,0.0,13.2,/opt/homebrew/Cellar/ollama/0.31.1/libexec/lib/ollama/llama-server
1783329932,62829,6.3,2109.0,/opt/homebrew/Cellar/ollama/0.31.1/libexec/lib/ollama/llama-server
1783329934,58925,0.2,28.5,/opt/homebrew/opt/ollama/bin/ollama
1783329934,60034,0.0,13.2,/opt/homebrew/Cellar/ollama/0.31.1/libexec/lib/ollama/llama-server
1783329934,62829,6.0,2088.5,/opt/homebrew/Cellar/ollama/0.31.1/libexec/lib/ollama/llama-server
1783329936,58925,0.2,28.5,/opt/homebrew/opt/ollama/bin/ollama
1783329936,60034,0.0,13.2,/opt/homebrew/Cellar/ollama/0.31.1/libexec/lib/ollama/llama-server
1783329936,62829,5.8,2088.6,/opt/homebrew/Cellar/ollama/0.31.1/libexec/lib/ollama/llama-server
1783329938,58925,0.1,20.7,/opt/homebrew/opt/ollama/bin/ollama
1783329938,60034,0.0,13.2,/opt/homebrew/Cellar/ollama/0.31.1/libexec/lib/ollama/llama-server
1783329938,62829,5.9,2082.1,/opt/homebrew/Cellar/ollama/0.31.1/libexec/lib/ollama/llama-server
1783329940,58925,0.2,20.0,/opt/homebrew/opt/ollama/bin/ollama
1783329940,60034,0.0,13.2,/opt/homebrew/Cellar/ollama/0.31.1/libexec/lib/ollama/llama-server
1783329940,62829,6.1,2082.2,/opt/homebrew/Cellar/ollama/0.31.1/libexec/lib/ollama/llama-server
1783329942,58925,0.1,20.1,/opt/homebrew/opt/ollama/bin/ollama
1783329942,60034,0.0,13.2,/opt/homebrew/Cellar/ollama/0.31.1/libexec/lib/ollama/llama-server
1783329942,62829,5.6,2082.2,/opt/homebrew/Cellar/ollama/0.31.1/libexec/lib/ollama/llama-server
1783329944,58925,0.2,20.2,/opt/homebrew/opt/ollama/bin/ollama
1783329944,60034,0.0,13.2,/opt/homebrew/Cellar/ollama/0.31.1/libexec/lib/ollama/llama-server
1783329944,62829,5.7,2082.1,/opt/homebrew/Cellar/ollama/0.31.1/libexec/lib/ollama/llama-server
1783329946,58925,0.1,20.4,/opt/homebrew/opt/ollama/bin/ollama
1783329946,60034,0.0,13.2,/opt/homebrew/Cellar/ollama/0.31.1/libexec/lib/ollama/llama-server
1783329946,62829,5.9,2082.1,/opt/homebrew/Cellar/ollama/0.31.1/libexec/lib/ollama/llama-server
1783329948,58925,0.1,20.5,/opt/homebrew/opt/ollama/bin/ollama
1783329948,60034,0.0,13.2,/opt/homebrew/Cellar/ollama/0.31.1/libexec/lib/ollama/llama-server
1783329948,62829,6.1,2082.2,/opt/homebrew/Cellar/ollama/0.31.1/libexec/lib/ollama/llama-server
1783329950,58925,0.1,20.5,/opt/homebrew/opt/ollama/bin/ollama
1783329950,60034,0.0,13.2,/opt/homebrew/Cellar/ollama/0.31.1/libexec/lib/ollama/llama-server
1783329950,62829,5.6,2081.2,/opt/homebrew/Cellar/ollama/0.31.1/libexec/lib/ollama/llama-server
1783329952,58925,0.0,20.6,/opt/homebrew/opt/ollama/bin/ollama
1783329952,60034,0.0,13.2,/opt/homebrew/Cellar/ollama/0.31.1/libexec/lib/ollama/llama-server
1783329952,62829,5.5,2081.2,/opt/homebrew/Cellar/ollama/0.31.1/libexec/lib/ollama/llama-server
1783329954,58925,0.1,20.7,/opt/homebrew/opt/ollama/bin/ollama
1783329954,60034,0.0,13.2,/opt/homebrew/Cellar/ollama/0.31.1/libexec/lib/ollama/llama-server
1783329954,62829,5.7,2081.2,/opt/homebrew/Cellar/ollama/0.31.1/libexec/lib/ollama/llama-server
1783329956,58925,0.2,20.8,/opt/homebrew/opt/ollama/bin/ollama
1783329956,60034,0.0,13.2,/opt/homebrew/Cellar/ollama/0.31.1/libexec/lib/ollama/llama-server
1783329956,62829,6.2,2081.2,/opt/homebrew/Cellar/ollama/0.31.1/libexec/lib/ollama/llama-server
1783329958,58925,0.1,21.0,/opt/homebrew/opt/ollama/bin/ollama
1783329958,60034,0.0,13.2,/opt/homebrew/Cellar/ollama/0.31.1/libexec/lib/ollama/llama-server
1783329958,62829,6.3,2081.2,/opt/homebrew/Cellar/ollama/0.31.1/libexec/lib/ollama/llama-server
1783329960,58925,0.1,21.1,/opt/homebrew/opt/ollama/bin/ollama
1783329960,60034,0.0,13.2,/opt/homebrew/Cellar/ollama/0.31.1/libexec/lib/ollama/llama-server
1783329960,62829,6.3,2081.2,/opt/homebrew/Cellar/ollama/0.31.1/libexec/lib/ollama/llama-server
1783329962,58925,0.2,21.2,/opt/homebrew/opt/ollama/bin/ollama
1783329962,60034,0.0,13.2,/opt/homebrew/Cellar/ollama/0.31.1/libexec/lib/ollama/llama-server
1783329962,62829,6.1,2081.4,/opt/homebrew/Cellar/ollama/0.31.1/libexec/lib/ollama/llama-server
1783329964,58925,0.1,21.3,/opt/homebrew/opt/ollama/bin/ollama
1783329964,60034,0.0,13.2,/opt/homebrew/Cellar/ollama/0.31.1/libexec/lib/ollama/llama-server
1783329964,62829,6.2,2081.4,/opt/homebrew/Cellar/ollama/0.31.1/libexec/lib/ollama/llama-server
1783329966,58925,0.1,28.0,/opt/homebrew/opt/ollama/bin/ollama
1783329966,60034,0.0,13.2,/opt/homebrew/Cellar/ollama/0.31.1/libexec/lib/ollama/llama-server
1783329966,62829,6.4,2081.4,/opt/homebrew/Cellar/ollama/0.31.1/libexec/lib/ollama/llama-server
1783329968,58925,0.1,28.0,/opt/homebrew/opt/ollama/bin/ollama
1783329968,60034,0.0,13.2,/opt/homebrew/Cellar/ollama/0.31.1/libexec/lib/ollama/llama-server
1783329968,62829,5.9,2081.4,/opt/homebrew/Cellar/ollama/0.31.1/libexec/lib/ollama/llama-server
1783329971,58925,0.1,28.0,/opt/homebrew/opt/ollama/bin/ollama
1783329971,60034,0.0,13.2,/opt/homebrew/Cellar/ollama/0.31.1/libexec/lib/ollama/llama-server
1783329971,62829,5.8,2081.4,/opt/homebrew/Cellar/ollama/0.31.1/libexec/lib/ollama/llama-server
1783329973,58925,0.1,28.0,/opt/homebrew/opt/ollama/bin/ollama
1783329973,60034,0.0,13.2,/opt/homebrew/Cellar/ollama/0.31.1/libexec/lib/ollama/llama-server
1783329973,62829,6.1,2081.4,/opt/homebrew/Cellar/ollama/0.31.1/libexec/lib/ollama/llama-server
1783329975,58925,0.2,28.0,/opt/homebrew/opt/ollama/bin/ollama
1783329975,60034,0.0,13.2,/opt/homebrew/Cellar/ollama/0.31.1/libexec/lib/ollama/llama-server
1783329975,62829,6.0,2081.3,/opt/homebrew/Cellar/ollama/0.31.1/libexec/lib/ollama/llama-server
1783329977,58925,0.1,28.0,/opt/homebrew/opt/ollama/bin/ollama
1783329977,60034,0.0,13.2,/opt/homebrew/Cellar/ollama/0.31.1/libexec/lib/ollama/llama-server
1783329977,62829,6.0,2081.4,/opt/homebrew/Cellar/ollama/0.31.1/libexec/lib/ollama/llama-server
1783329979,58925,0.1,28.0,/opt/homebrew/opt/ollama/bin/ollama
1783329979,60034,0.0,13.2,/opt/homebrew/Cellar/ollama/0.31.1/libexec/lib/ollama/llama-server
1783329979,62829,6.0,2081.4,/opt/homebrew/Cellar/ollama/0.31.1/libexec/lib/ollama/llama-server
1783329981,58925,0.1,28.0,/opt/homebrew/opt/ollama/bin/ollama
1783329981,60034,0.0,13.2,/opt/homebrew/Cellar/ollama/0.31.1/libexec/lib/ollama/llama-server
1783329981,62829,5.8,2081.4,/opt/homebrew/Cellar/ollama/0.31.1/libexec/lib/ollama/llama-server
1783329983,58925,0.1,28.0,/opt/homebrew/opt/ollama/bin/ollama
1783329983,60034,0.0,13.2,/opt/homebrew/Cellar/ollama/0.31.1/libexec/lib/ollama/llama-server
1783329983,62829,5.8,2081.4,/opt/homebrew/Cellar/ollama/0.31.1/libexec/lib/ollama/llama-server
1783329985,58925,0.1,28.0,/opt/homebrew/opt/ollama/bin/ollama
1783329985,60034,0.0,13.2,/opt/homebrew/Cellar/ollama/0.31.1/libexec/lib/ollama/llama-server
1783329985,62829,5.7,2081.5,/opt/homebrew/Cellar/ollama/0.31.1/libexec/lib/ollama/llama-server
1783329987,58925,0.3,27.1,/opt/homebrew/opt/ollama/bin/ollama
1783329987,60034,0.0,13.2,/opt/homebrew/Cellar/ollama/0.31.1/libexec/lib/ollama/llama-server
1783329987,62829,7.6,1882.1,/opt/homebrew/Cellar/ollama/0.31.1/libexec/lib/ollama/llama-server
1783329989,58925,0.2,27.1,/opt/homebrew/opt/ollama/bin/ollama
1783329989,60034,0.0,13.2,/opt/homebrew/Cellar/ollama/0.31.1/libexec/lib/ollama/llama-server
1783329989,62829,6.9,1882.1,/opt/homebrew/Cellar/ollama/0.31.1/libexec/lib/ollama/llama-server
1783329991,58925,0.1,27.1,/opt/homebrew/opt/ollama/bin/ollama
1783329991,60034,0.0,13.2,/opt/homebrew/Cellar/ollama/0.31.1/libexec/lib/ollama/llama-server
1783329991,62829,6.3,1882.1,/opt/homebrew/Cellar/ollama/0.31.1/libexec/lib/ollama/llama-server
1783329993,58925,0.1,27.1,/opt/homebrew/opt/ollama/bin/ollama
1783329993,60034,0.0,13.2,/opt/homebrew/Cellar/ollama/0.31.1/libexec/lib/ollama/llama-server
1783329993,62829,6.4,1882.2,/opt/homebrew/Cellar/ollama/0.31.1/libexec/lib/ollama/llama-server
1783329995,58925,0.1,27.1,/opt/homebrew/opt/ollama/bin/ollama
1783329995,60034,0.0,13.2,/opt/homebrew/Cellar/ollama/0.31.1/libexec/lib/ollama/llama-server
1783329995,62829,6.5,1882.2,/opt/homebrew/Cellar/ollama/0.31.1/libexec/lib/ollama/llama-server
1783329997,58925,0.1,27.1,/opt/homebrew/opt/ollama/bin/ollama
1783329997,60034,0.0,13.2,/opt/homebrew/Cellar/ollama/0.31.1/libexec/lib/ollama/llama-server
1783329997,62829,6.5,1882.3,/opt/homebrew/Cellar/ollama/0.31.1/libexec/lib/ollama/llama-server
1783329999,58925,0.2,27.1,/opt/homebrew/opt/ollama/bin/ollama
1783329999,60034,0.0,13.2,/opt/homebrew/Cellar/ollama/0.31.1/libexec/lib/ollama/llama-server
1783329999,62829,6.7,1882.3,/opt/homebrew/Cellar/ollama/0.31.1/libexec/lib/ollama/llama-server
1783330001,58925,0.2,27.1,/opt/homebrew/opt/ollama/bin/ollama
1783330001,60034,0.0,13.2,/opt/homebrew/Cellar/ollama/0.31.1/libexec/lib/ollama/llama-server
1783330001,62829,6.1,1882.3,/opt/homebrew/Cellar/ollama/0.31.1/libexec/lib/ollama/llama-server
1783330003,58925,0.1,27.1,/opt/homebrew/opt/ollama/bin/ollama
1783330003,60034,0.0,13.2,/opt/homebrew/Cellar/ollama/0.31.1/libexec/lib/ollama/llama-server
1783330003,62829,6.2,1882.8,/opt/homebrew/Cellar/ollama/0.31.1/libexec/lib/ollama/llama-server
1783330005,58925,0.1,27.1,/opt/homebrew/opt/ollama/bin/ollama
1783330005,60034,0.0,13.2,/opt/homebrew/Cellar/ollama/0.31.1/libexec/lib/ollama/llama-server
1783330005,62829,6.2,1882.8,/opt/homebrew/Cellar/ollama/0.31.1/libexec/lib/ollama/llama-server
1783330007,58925,0.2,27.1,/opt/homebrew/opt/ollama/bin/ollama
1783330007,60034,0.0,13.2,/opt/homebrew/Cellar/ollama/0.31.1/libexec/lib/ollama/llama-server
1783330007,62829,6.2,1882.8,/opt/homebrew/Cellar/ollama/0.31.1/libexec/lib/ollama/llama-server
1783330009,58925,0.2,27.1,/opt/homebrew/opt/ollama/bin/ollama
1783330009,60034,0.0,13.2,/opt/homebrew/Cellar/ollama/0.31.1/libexec/lib/ollama/llama-server
1783330009,62829,6.5,1882.8,/opt/homebrew/Cellar/ollama/0.31.1/libexec/lib/ollama/llama-server
1783330011,58925,0.1,27.1,/opt/homebrew/opt/ollama/bin/ollama
1783330011,60034,0.0,13.2,/opt/homebrew/Cellar/ollama/0.31.1/libexec/lib/ollama/llama-server
1783330011,62829,6.0,1882.8,/opt/homebrew/Cellar/ollama/0.31.1/libexec/lib/ollama/llama-server
1783330013,58925,0.1,27.1,/opt/homebrew/opt/ollama/bin/ollama
1783330013,60034,0.0,13.2,/opt/homebrew/Cellar/ollama/0.31.1/libexec/lib/ollama/llama-server
1783330013,62829,6.2,1882.9,/opt/homebrew/Cellar/ollama/0.31.1/libexec/lib/ollama/llama-server
1783330015,58925,0.1,27.1,/opt/homebrew/opt/ollama/bin/ollama
1783330015,60034,0.0,13.2,/opt/homebrew/Cellar/ollama/0.31.1/libexec/lib/ollama/llama-server
1783330015,62829,5.9,1882.9,/opt/homebrew/Cellar/ollama/0.31.1/libexec/lib/ollama/llama-server
1783330017,58925,0.1,27.1,/opt/homebrew/opt/ollama/bin/ollama
1783330017,60034,0.0,13.2,/opt/homebrew/Cellar/ollama/0.31.1/libexec/lib/ollama/llama-server
1783330017,62829,6.0,1882.9,/opt/homebrew/Cellar/ollama/0.31.1/libexec/lib/ollama/llama-server
1783330019,58925,0.3,27.1,/opt/homebrew/opt/ollama/bin/ollama
1783330019,60034,0.0,13.2,/opt/homebrew/Cellar/ollama/0.31.1/libexec/lib/ollama/llama-server
1783330019,62829,7.3,1882.9,/opt/homebrew/Cellar/ollama/0.31.1/libexec/lib/ollama/llama-server
1783330021,58925,0.2,27.1,/opt/homebrew/opt/ollama/bin/ollama
1783330021,60034,0.0,13.2,/opt/homebrew/Cellar/ollama/0.31.1/libexec/lib/ollama/llama-server
1783330021,62829,6.5,1883.0,/opt/homebrew/Cellar/ollama/0.31.1/libexec/lib/ollama/llama-server
1783330024,58925,0.2,27.1,/opt/homebrew/opt/ollama/bin/ollama
1783330024,60034,0.0,13.2,/opt/homebrew/Cellar/ollama/0.31.1/libexec/lib/ollama/llama-server
1783330024,62829,7.2,1883.0,/opt/homebrew/Cellar/ollama/0.31.1/libexec/lib/ollama/llama-server
1783330026,58925,0.2,27.2,/opt/homebrew/opt/ollama/bin/ollama
1783330026,60034,0.0,13.2,/opt/homebrew/Cellar/ollama/0.31.1/libexec/lib/ollama/llama-server
1783330026,62829,6.4,1883.0,/opt/homebrew/Cellar/ollama/0.31.1/libexec/lib/ollama/llama-server
1783330028,58925,0.1,27.2,/opt/homebrew/opt/ollama/bin/ollama
1783330028,60034,0.0,13.2,/opt/homebrew/Cellar/ollama/0.31.1/libexec/lib/ollama/llama-server
1783330028,62829,6.9,1883.0,/opt/homebrew/Cellar/ollama/0.31.1/libexec/lib/ollama/llama-server
1783330030,58925,0.2,27.2,/opt/homebrew/opt/ollama/bin/ollama
1783330030,60034,0.0,13.2,/opt/homebrew/Cellar/ollama/0.31.1/libexec/lib/ollama/llama-server
1783330030,62829,6.5,1883.0,/opt/homebrew/Cellar/ollama/0.31.1/libexec/lib/ollama/llama-server
1783330032,58925,0.2,27.2,/opt/homebrew/opt/ollama/bin/ollama
1783330032,60034,0.0,13.2,/opt/homebrew/Cellar/ollama/0.31.1/libexec/lib/ollama/llama-server
1783330032,62829,6.5,1883.0,/opt/homebrew/Cellar/ollama/0.31.1/libexec/lib/ollama/llama-server
1783330034,58925,0.1,27.2,/opt/homebrew/opt/ollama/bin/ollama
1783330034,60034,0.0,13.2,/opt/homebrew/Cellar/ollama/0.31.1/libexec/lib/ollama/llama-server
1783330034,62829,6.5,1883.1,/opt/homebrew/Cellar/ollama/0.31.1/libexec/lib/ollama/llama-server
1783330036,58925,0.1,27.2,/opt/homebrew/opt/ollama/bin/ollama
1783330036,60034,0.0,13.2,/opt/homebrew/Cellar/ollama/0.31.1/libexec/lib/ollama/llama-server
1783330036,62829,6.5,1883.1,/opt/homebrew/Cellar/ollama/0.31.1/libexec/lib/ollama/llama-server
1783330038,58925,0.1,27.2,/opt/homebrew/opt/ollama/bin/ollama
1783330038,60034,0.0,13.2,/opt/homebrew/Cellar/ollama/0.31.1/libexec/lib/ollama/llama-server
1783330038,62829,6.6,1883.1,/opt/homebrew/Cellar/ollama/0.31.1/libexec/lib/ollama/llama-server
1783330040,58925,0.1,27.2,/opt/homebrew/opt/ollama/bin/ollama
1783330040,60034,0.0,13.2,/opt/homebrew/Cellar/ollama/0.31.1/libexec/lib/ollama/llama-server
1783330040,62829,6.4,1883.1,/opt/homebrew/Cellar/ollama/0.31.1/libexec/lib/ollama/llama-server
1783330042,58925,0.1,27.2,/opt/homebrew/opt/ollama/bin/ollama
1783330042,60034,0.0,13.2,/opt/homebrew/Cellar/ollama/0.31.1/libexec/lib/ollama/llama-server
1783330042,62829,6.5,1883.1,/opt/homebrew/Cellar/ollama/0.31.1/libexec/lib/ollama/llama-server
1783330044,58925,0.1,27.2,/opt/homebrew/opt/ollama/bin/ollama
1783330044,60034,0.0,13.2,/opt/homebrew/Cellar/ollama/0.31.1/libexec/lib/ollama/llama-server
1783330044,62829,6.4,1883.1,/opt/homebrew/Cellar/ollama/0.31.1/libexec/lib/ollama/llama-server
1783330046,58925,0.1,27.2,/opt/homebrew/opt/ollama/bin/ollama
1783330046,60034,0.0,13.2,/opt/homebrew/Cellar/ollama/0.31.1/libexec/lib/ollama/llama-server
1783330046,62829,6.2,1883.1,/opt/homebrew/Cellar/ollama/0.31.1/libexec/lib/ollama/llama-server
1783330048,58925,0.1,27.2,/opt/homebrew/opt/ollama/bin/ollama
1783330048,60034,0.0,13.2,/opt/homebrew/Cellar/ollama/0.31.1/libexec/lib/ollama/llama-server
1783330048,62829,5.9,1883.1,/opt/homebrew/Cellar/ollama/0.31.1/libexec/lib/ollama/llama-server
1783330050,58925,0.2,27.2,/opt/homebrew/opt/ollama/bin/ollama
1783330050,60034,0.0,13.2,/opt/homebrew/Cellar/ollama/0.31.1/libexec/lib/ollama/llama-server
1783330050,62829,7.6,1883.1,/opt/homebrew/Cellar/ollama/0.31.1/libexec/lib/ollama/llama-server
1783330052,58925,0.2,27.2,/opt/homebrew/opt/ollama/bin/ollama
1783330052,60034,0.0,13.2,/opt/homebrew/Cellar/ollama/0.31.1/libexec/lib/ollama/llama-server
1783330052,62829,6.8,1883.4,/opt/homebrew/Cellar/ollama/0.31.1/libexec/lib/ollama/llama-server
1783330054,58925,0.1,27.2,/opt/homebrew/opt/ollama/bin/ollama
1783330054,60034,0.0,13.2,/opt/homebrew/Cellar/ollama/0.31.1/libexec/lib/ollama/llama-server
1783330054,62829,6.6,1883.4,/opt/homebrew/Cellar/ollama/0.31.1/libexec/lib/ollama/llama-server
1783330056,58925,0.2,27.2,/opt/homebrew/opt/ollama/bin/ollama
1783330056,60034,0.0,13.2,/opt/homebrew/Cellar/ollama/0.31.1/libexec/lib/ollama/llama-server
1783330056,62829,7.0,1883.4,/opt/homebrew/Cellar/ollama/0.31.1/libexec/lib/ollama/llama-server
1783330058,58925,0.1,27.2,/opt/homebrew/opt/ollama/bin/ollama
1783330058,60034,0.0,13.2,/opt/homebrew/Cellar/ollama/0.31.1/libexec/lib/ollama/llama-server
1783330058,62829,7.0,1883.4,/opt/homebrew/Cellar/ollama/0.31.1/libexec/lib/ollama/llama-server
1783330060,58925,0.1,27.2,/opt/homebrew/opt/ollama/bin/ollama
1783330060,60034,0.0,13.2,/opt/homebrew/Cellar/ollama/0.31.1/libexec/lib/ollama/llama-server
1783330060,62829,6.5,1883.4,/opt/homebrew/Cellar/ollama/0.31.1/libexec/lib/ollama/llama-server
1783330062,58925,0.1,27.2,/opt/homebrew/opt/ollama/bin/ollama
1783330062,60034,0.0,13.2,/opt/homebrew/Cellar/ollama/0.31.1/libexec/lib/ollama/llama-server
1783330062,62829,6.4,1883.4,/opt/homebrew/Cellar/ollama/0.31.1/libexec/lib/ollama/llama-server
1783330064,58925,0.1,27.2,/opt/homebrew/opt/ollama/bin/ollama
1783330064,60034,0.0,13.2,/opt/homebrew/Cellar/ollama/0.31.1/libexec/lib/ollama/llama-server
1783330064,62829,6.5,1883.4,/opt/homebrew/Cellar/ollama/0.31.1/libexec/lib/ollama/llama-server
1783330066,58925,0.1,27.2,/opt/homebrew/opt/ollama/bin/ollama
1783330066,60034,0.0,13.2,/opt/homebrew/Cellar/ollama/0.31.1/libexec/lib/ollama/llama-server
1783330066,62829,6.6,1883.4,/opt/homebrew/Cellar/ollama/0.31.1/libexec/lib/ollama/llama-server
1783330068,58925,0.2,27.2,/opt/homebrew/opt/ollama/bin/ollama
1783330068,60034,0.0,13.2,/opt/homebrew/Cellar/ollama/0.31.1/libexec/lib/ollama/llama-server
1783330068,62829,6.9,1883.4,/opt/homebrew/Cellar/ollama/0.31.1/libexec/lib/ollama/llama-server
1783330070,58925,0.1,27.2,/opt/homebrew/opt/ollama/bin/ollama
1783330070,60034,0.0,13.2,/opt/homebrew/Cellar/ollama/0.31.1/libexec/lib/ollama/llama-server
1783330070,62829,6.4,1883.4,/opt/homebrew/Cellar/ollama/0.31.1/libexec/lib/ollama/llama-server
1783330072,58925,0.4,27.1,/opt/homebrew/opt/ollama/bin/ollama
1783330072,60034,0.0,13.2,/opt/homebrew/Cellar/ollama/0.31.1/libexec/lib/ollama/llama-server
1783330072,62829,7.6,1882.6,/opt/homebrew/Cellar/ollama/0.31.1/libexec/lib/ollama/llama-server
1783330074,58925,0.2,26.8,/opt/homebrew/opt/ollama/bin/ollama
1783330074,60034,0.0,13.2,/opt/homebrew/Cellar/ollama/0.31.1/libexec/lib/ollama/llama-server
1783330074,62829,6.9,1882.1,/opt/homebrew/Cellar/ollama/0.31.1/libexec/lib/ollama/llama-server
1783330076,58925,0.2,26.8,/opt/homebrew/opt/ollama/bin/ollama
1783330076,60034,0.0,13.2,/opt/homebrew/Cellar/ollama/0.31.1/libexec/lib/ollama/llama-server
1783330076,62829,6.5,1882.1,/opt/homebrew/Cellar/ollama/0.31.1/libexec/lib/ollama/llama-server
1783330079,58925,0.1,26.8,/opt/homebrew/opt/ollama/bin/ollama
1783330079,60034,0.0,13.2,/opt/homebrew/Cellar/ollama/0.31.1/libexec/lib/ollama/llama-server
1783330079,62829,6.1,1882.0,/opt/homebrew/Cellar/ollama/0.31.1/libexec/lib/ollama/llama-server
1783330081,58925,0.1,26.9,/opt/homebrew/opt/ollama/bin/ollama
1783330081,60034,0.0,13.2,/opt/homebrew/Cellar/ollama/0.31.1/libexec/lib/ollama/llama-server
1783330081,62829,5.8,1882.5,/opt/homebrew/Cellar/ollama/0.31.1/libexec/lib/ollama/llama-server
1783330083,58925,0.1,26.9,/opt/homebrew/opt/ollama/bin/ollama
1783330083,60034,0.0,13.2,/opt/homebrew/Cellar/ollama/0.31.1/libexec/lib/ollama/llama-server
1783330083,62829,7.2,1882.5,/opt/homebrew/Cellar/ollama/0.31.1/libexec/lib/ollama/llama-server
1783330085,58925,0.1,26.9,/opt/homebrew/opt/ollama/bin/ollama
1783330085,60034,0.0,13.2,/opt/homebrew/Cellar/ollama/0.31.1/libexec/lib/ollama/llama-server
1783330085,62829,7.4,1882.5,/opt/homebrew/Cellar/ollama/0.31.1/libexec/lib/ollama/llama-server
1783330087,58925,0.1,27.3,/opt/homebrew/opt/ollama/bin/ollama
1783330087,60034,0.0,13.2,/opt/homebrew/Cellar/ollama/0.31.1/libexec/lib/ollama/llama-server
1783330087,62829,7.1,1882.5,/opt/homebrew/Cellar/ollama/0.31.1/libexec/lib/ollama/llama-server
1783330089,58925,0.3,27.3,/opt/homebrew/opt/ollama/bin/ollama
1783330089,60034,0.0,13.2,/opt/homebrew/Cellar/ollama/0.31.1/libexec/lib/ollama/llama-server
1783330089,62829,7.7,1882.5,/opt/homebrew/Cellar/ollama/0.31.1/libexec/lib/ollama/llama-server
1783330091,58925,0.1,27.3,/opt/homebrew/opt/ollama/bin/ollama
1783330091,60034,0.0,13.2,/opt/homebrew/Cellar/ollama/0.31.1/libexec/lib/ollama/llama-server
1783330091,62829,6.8,1882.5,/opt/homebrew/Cellar/ollama/0.31.1/libexec/lib/ollama/llama-server
1783330093,58925,0.1,27.3,/opt/homebrew/opt/ollama/bin/ollama
1783330093,60034,0.0,13.2,/opt/homebrew/Cellar/ollama/0.31.1/libexec/lib/ollama/llama-server
1783330093,62829,6.9,1882.5,/opt/homebrew/Cellar/ollama/0.31.1/libexec/lib/ollama/llama-server
1783330095,58925,0.1,27.3,/opt/homebrew/opt/ollama/bin/ollama
1783330095,60034,0.0,13.2,/opt/homebrew/Cellar/ollama/0.31.1/libexec/lib/ollama/llama-server
1783330095,62829,6.7,1882.5,/opt/homebrew/Cellar/ollama/0.31.1/libexec/lib/ollama/llama-server
1783330097,58925,0.1,27.3,/opt/homebrew/opt/ollama/bin/ollama
1783330097,60034,0.0,13.2,/opt/homebrew/Cellar/ollama/0.31.1/libexec/lib/ollama/llama-server
1783330097,62829,6.7,1882.5,/opt/homebrew/Cellar/ollama/0.31.1/libexec/lib/ollama/llama-server
1783330099,58925,0.1,27.3,/opt/homebrew/opt/ollama/bin/ollama
1783330099,60034,0.0,13.2,/opt/homebrew/Cellar/ollama/0.31.1/libexec/lib/ollama/llama-server
1783330099,62829,6.8,1882.5,/opt/homebrew/Cellar/ollama/0.31.1/libexec/lib/ollama/llama-server
1783330101,58925,0.1,27.3,/opt/homebrew/opt/ollama/bin/ollama
1783330101,60034,0.0,13.2,/opt/homebrew/Cellar/ollama/0.31.1/libexec/lib/ollama/llama-server
1783330101,62829,6.6,1882.5,/opt/homebrew/Cellar/ollama/0.31.1/libexec/lib/ollama/llama-server
1783330103,58925,0.2,27.3,/opt/homebrew/opt/ollama/bin/ollama
1783330103,60034,0.0,13.2,/opt/homebrew/Cellar/ollama/0.31.1/libexec/lib/ollama/llama-server
1783330103,62829,6.8,1882.5,/opt/homebrew/Cellar/ollama/0.31.1/libexec/lib/ollama/llama-server
1783330105,58925,0.2,27.3,/opt/homebrew/opt/ollama/bin/ollama
1783330105,60034,0.0,13.2,/opt/homebrew/Cellar/ollama/0.31.1/libexec/lib/ollama/llama-server
1783330105,62829,7.1,1882.5,/opt/homebrew/Cellar/ollama/0.31.1/libexec/lib/ollama/llama-server
1783330107,58925,0.1,27.3,/opt/homebrew/opt/ollama/bin/ollama
1783330107,60034,0.0,13.2,/opt/homebrew/Cellar/ollama/0.31.1/libexec/lib/ollama/llama-server
1783330107,62829,6.6,1882.5,/opt/homebrew/Cellar/ollama/0.31.1/libexec/lib/ollama/llama-server
1783330109,58925,0.1,27.3,/opt/homebrew/opt/ollama/bin/ollama
1783330109,60034,0.0,13.2,/opt/homebrew/Cellar/ollama/0.31.1/libexec/lib/ollama/llama-server
1783330109,62829,6.1,1881.9,/opt/homebrew/Cellar/ollama/0.31.1/libexec/lib/ollama/llama-server
1783330111,58925,0.1,27.3,/opt/homebrew/opt/ollama/bin/ollama
1783330111,60034,0.0,13.2,/opt/homebrew/Cellar/ollama/0.31.1/libexec/lib/ollama/llama-server
1783330111,62829,6.2,1882.1,/opt/homebrew/Cellar/ollama/0.31.1/libexec/lib/ollama/llama-server
1783330113,58925,0.1,27.3,/opt/homebrew/opt/ollama/bin/ollama
1783330113,60034,0.0,13.2,/opt/homebrew/Cellar/ollama/0.31.1/libexec/lib/ollama/llama-server
1783330113,62829,7.1,1882.2,/opt/homebrew/Cellar/ollama/0.31.1/libexec/lib/ollama/llama-server
1783330115,58925,0.1,27.3,/opt/homebrew/opt/ollama/bin/ollama
1783330115,60034,0.0,13.2,/opt/homebrew/Cellar/ollama/0.31.1/libexec/lib/ollama/llama-server
1783330115,62829,7.0,1882.2,/opt/homebrew/Cellar/ollama/0.31.1/libexec/lib/ollama/llama-server
1783330117,58925,0.2,27.3,/opt/homebrew/opt/ollama/bin/ollama
1783330117,60034,0.0,13.2,/opt/homebrew/Cellar/ollama/0.31.1/libexec/lib/ollama/llama-server
1783330117,62829,7.2,1882.2,/opt/homebrew/Cellar/ollama/0.31.1/libexec/lib/ollama/llama-server
1783330119,58925,0.4,20.1,/opt/homebrew/opt/ollama/bin/ollama
1783330119,60034,0.0,13.2,/opt/homebrew/Cellar/ollama/0.31.1/libexec/lib/ollama/llama-server
1783330119,62829,7.4,1880.3,/opt/homebrew/Cellar/ollama/0.31.1/libexec/lib/ollama/llama-server
1783330121,58925,0.2,20.0,/opt/homebrew/opt/ollama/bin/ollama
1783330121,60034,0.0,13.2,/opt/homebrew/Cellar/ollama/0.31.1/libexec/lib/ollama/llama-server
1783330121,62829,7.1,1880.3,/opt/homebrew/Cellar/ollama/0.31.1/libexec/lib/ollama/llama-server
1783330123,58925,0.2,20.0,/opt/homebrew/opt/ollama/bin/ollama
1783330123,60034,0.0,13.2,/opt/homebrew/Cellar/ollama/0.31.1/libexec/lib/ollama/llama-server
1783330123,62829,7.4,1880.2,/opt/homebrew/Cellar/ollama/0.31.1/libexec/lib/ollama/llama-server
1783330125,58925,0.2,19.9,/opt/homebrew/opt/ollama/bin/ollama
1783330125,60034,0.0,13.2,/opt/homebrew/Cellar/ollama/0.31.1/libexec/lib/ollama/llama-server
1783330125,62829,7.4,1879.8,/opt/homebrew/Cellar/ollama/0.31.1/libexec/lib/ollama/llama-server
1783330127,58925,0.4,20.1,/opt/homebrew/opt/ollama/bin/ollama
1783330127,60034,0.0,13.2,/opt/homebrew/Cellar/ollama/0.31.1/libexec/lib/ollama/llama-server
1783330127,62829,7.3,1879.8,/opt/homebrew/Cellar/ollama/0.31.1/libexec/lib/ollama/llama-server
1783330129,58925,0.1,20.2,/opt/homebrew/opt/ollama/bin/ollama
1783330129,60034,0.0,13.2,/opt/homebrew/Cellar/ollama/0.31.1/libexec/lib/ollama/llama-server
1783330129,62829,7.0,1881.5,/opt/homebrew/Cellar/ollama/0.31.1/libexec/lib/ollama/llama-server
1783330131,58925,0.2,20.5,/opt/homebrew/opt/ollama/bin/ollama
1783330131,60034,0.0,13.2,/opt/homebrew/Cellar/ollama/0.31.1/libexec/lib/ollama/llama-server
1783330131,62829,6.7,1881.5,/opt/homebrew/Cellar/ollama/0.31.1/libexec/lib/ollama/llama-server
1783330134,58925,0.3,20.6,/opt/homebrew/opt/ollama/bin/ollama
1783330134,60034,0.0,13.2,/opt/homebrew/Cellar/ollama/0.31.1/libexec/lib/ollama/llama-server
1783330134,62829,7.5,1881.5,/opt/homebrew/Cellar/ollama/0.31.1/libexec/lib/ollama/llama-server
1783330136,58925,0.3,17.6,/opt/homebrew/opt/ollama/bin/ollama
1783330136,60034,0.0,13.2,/opt/homebrew/Cellar/ollama/0.31.1/libexec/lib/ollama/llama-server
1783330136,62829,7.6,1879.4,/opt/homebrew/Cellar/ollama/0.31.1/libexec/lib/ollama/llama-server
1783330138,58925,0.2,17.6,/opt/homebrew/opt/ollama/bin/ollama
1783330138,60034,0.0,13.2,/opt/homebrew/Cellar/ollama/0.31.1/libexec/lib/ollama/llama-server
1783330138,62829,6.5,1879.3,/opt/homebrew/Cellar/ollama/0.31.1/libexec/lib/ollama/llama-server
1783330140,58925,0.3,17.8,/opt/homebrew/opt/ollama/bin/ollama
1783330140,60034,0.0,13.2,/opt/homebrew/Cellar/ollama/0.31.1/libexec/lib/ollama/llama-server
1783330140,62829,7.0,1879.3,/opt/homebrew/Cellar/ollama/0.31.1/libexec/lib/ollama/llama-server
1783330142,58925,0.2,17.4,/opt/homebrew/opt/ollama/bin/ollama
1783330142,60034,0.0,13.2,/opt/homebrew/Cellar/ollama/0.31.1/libexec/lib/ollama/llama-server
1783330142,62829,7.0,1878.5,/opt/homebrew/Cellar/ollama/0.31.1/libexec/lib/ollama/llama-server
1783330144,58925,0.2,16.8,/opt/homebrew/opt/ollama/bin/ollama
1783330144,60034,0.0,13.2,/opt/homebrew/Cellar/ollama/0.31.1/libexec/lib/ollama/llama-server
1783330144,62829,6.0,1879.9,/opt/homebrew/Cellar/ollama/0.31.1/libexec/lib/ollama/llama-server
1783330146,58925,0.3,17.0,/opt/homebrew/opt/ollama/bin/ollama
1783330146,60034,0.0,13.2,/opt/homebrew/Cellar/ollama/0.31.1/libexec/lib/ollama/llama-server
1783330146,62829,7.8,1879.9,/opt/homebrew/Cellar/ollama/0.31.1/libexec/lib/ollama/llama-server
1783330148,58925,0.2,26.9,/opt/homebrew/opt/ollama/bin/ollama
1783330148,60034,0.0,13.2,/opt/homebrew/Cellar/ollama/0.31.1/libexec/lib/ollama/llama-server
1783330148,62829,7.8,1879.9,/opt/homebrew/Cellar/ollama/0.31.1/libexec/lib/ollama/llama-server
1783330150,58925,0.2,26.9,/opt/homebrew/opt/ollama/bin/ollama
1783330150,60034,0.0,13.2,/opt/homebrew/Cellar/ollama/0.31.1/libexec/lib/ollama/llama-server
1783330150,62829,7.5,1879.9,/opt/homebrew/Cellar/ollama/0.31.1/libexec/lib/ollama/llama-server
1783330152,58925,0.1,27.0,/opt/homebrew/opt/ollama/bin/ollama
1783330152,60034,0.0,13.2,/opt/homebrew/Cellar/ollama/0.31.1/libexec/lib/ollama/llama-server
1783330152,62829,6.8,1879.8,/opt/homebrew/Cellar/ollama/0.31.1/libexec/lib/ollama/llama-server
1783330154,58925,0.2,27.0,/opt/homebrew/opt/ollama/bin/ollama
1783330154,60034,0.0,13.2,/opt/homebrew/Cellar/ollama/0.31.1/libexec/lib/ollama/llama-server
1783330154,62829,6.6,1879.5,/opt/homebrew/Cellar/ollama/0.31.1/libexec/lib/ollama/llama-server
1783330156,58925,0.2,26.9,/opt/homebrew/opt/ollama/bin/ollama
1783330156,60034,0.0,13.2,/opt/homebrew/Cellar/ollama/0.31.1/libexec/lib/ollama/llama-server
1783330156,62829,7.2,1879.0,/opt/homebrew/Cellar/ollama/0.31.1/libexec/lib/ollama/llama-server
1783330158,58925,0.2,26.9,/opt/homebrew/opt/ollama/bin/ollama
1783330158,60034,0.0,13.2,/opt/homebrew/Cellar/ollama/0.31.1/libexec/lib/ollama/llama-server
1783330158,62829,7.3,1879.0,/opt/homebrew/Cellar/ollama/0.31.1/libexec/lib/ollama/llama-server
1783330160,58925,0.2,26.9,/opt/homebrew/opt/ollama/bin/ollama
1783330160,60034,0.0,13.2,/opt/homebrew/Cellar/ollama/0.31.1/libexec/lib/ollama/llama-server
1783330160,62829,6.9,1879.0,/opt/homebrew/Cellar/ollama/0.31.1/libexec/lib/ollama/llama-server
1783330162,58925,0.2,26.9,/opt/homebrew/opt/ollama/bin/ollama
1783330162,60034,0.0,13.2,/opt/homebrew/Cellar/ollama/0.31.1/libexec/lib/ollama/llama-server
1783330162,62829,7.3,1879.0,/opt/homebrew/Cellar/ollama/0.31.1/libexec/lib/ollama/llama-server
1783330164,58925,0.1,26.9,/opt/homebrew/opt/ollama/bin/ollama
1783330164,60034,0.0,13.2,/opt/homebrew/Cellar/ollama/0.31.1/libexec/lib/ollama/llama-server
1783330164,62829,6.7,1879.0,/opt/homebrew/Cellar/ollama/0.31.1/libexec/lib/ollama/llama-server
1783330166,58925,0.2,26.9,/opt/homebrew/opt/ollama/bin/ollama
1783330166,60034,0.0,13.2,/opt/homebrew/Cellar/ollama/0.31.1/libexec/lib/ollama/llama-server
1783330166,62829,6.5,1879.0,/opt/homebrew/Cellar/ollama/0.31.1/libexec/lib/ollama/llama-server
1783330168,58925,11.9,34.8,/opt/homebrew/opt/ollama/bin/ollama
1783330168,60034,0.0,13.2,/opt/homebrew/Cellar/ollama/0.31.1/libexec/lib/ollama/llama-server
1783330168,62829,9.6,1886.4,/opt/homebrew/Cellar/ollama/0.31.1/libexec/lib/ollama/llama-server
1783330170,58925,0.2,34.8,/opt/homebrew/opt/ollama/bin/ollama
1783330170,60034,0.0,13.2,/opt/homebrew/Cellar/ollama/0.31.1/libexec/lib/ollama/llama-server
1783330170,62829,7.0,1886.5,/opt/homebrew/Cellar/ollama/0.31.1/libexec/lib/ollama/llama-server
1783330172,58925,0.2,34.8,/opt/homebrew/opt/ollama/bin/ollama
1783330172,60034,0.0,13.2,/opt/homebrew/Cellar/ollama/0.31.1/libexec/lib/ollama/llama-server
1783330172,62829,6.9,1886.5,/opt/homebrew/Cellar/ollama/0.31.1/libexec/lib/ollama/llama-server
1783330174,58925,0.1,34.9,/opt/homebrew/opt/ollama/bin/ollama
1783330174,60034,0.0,13.2,/opt/homebrew/Cellar/ollama/0.31.1/libexec/lib/ollama/llama-server
1783330174,62829,6.4,1886.7,/opt/homebrew/Cellar/ollama/0.31.1/libexec/lib/ollama/llama-server
1783330176,58925,0.3,34.9,/opt/homebrew/opt/ollama/bin/ollama
1783330176,60034,0.0,13.2,/opt/homebrew/Cellar/ollama/0.31.1/libexec/lib/ollama/llama-server
1783330176,62829,7.1,1887.2,/opt/homebrew/Cellar/ollama/0.31.1/libexec/lib/ollama/llama-server
1783330178,58925,0.1,35.0,/opt/homebrew/opt/ollama/bin/ollama
1783330178,60034,0.0,13.2,/opt/homebrew/Cellar/ollama/0.31.1/libexec/lib/ollama/llama-server
1783330178,62829,7.0,1887.2,/opt/homebrew/Cellar/ollama/0.31.1/libexec/lib/ollama/llama-server
1783330180,58925,0.2,35.0,/opt/homebrew/opt/ollama/bin/ollama
1783330180,60034,0.0,13.2,/opt/homebrew/Cellar/ollama/0.31.1/libexec/lib/ollama/llama-server
1783330180,62829,7.3,1887.2,/opt/homebrew/Cellar/ollama/0.31.1/libexec/lib/ollama/llama-server
1783330182,58925,0.3,35.0,/opt/homebrew/opt/ollama/bin/ollama
1783330182,60034,0.0,13.2,/opt/homebrew/Cellar/ollama/0.31.1/libexec/lib/ollama/llama-server
1783330182,62829,8.2,1887.2,/opt/homebrew/Cellar/ollama/0.31.1/libexec/lib/ollama/llama-server
1783330185,58925,0.2,35.0,/opt/homebrew/opt/ollama/bin/ollama
1783330185,60034,0.0,13.2,/opt/homebrew/Cellar/ollama/0.31.1/libexec/lib/ollama/llama-server
1783330185,62829,7.6,1887.2,/opt/homebrew/Cellar/ollama/0.31.1/libexec/lib/ollama/llama-server
1783330187,58925,0.2,35.0,/opt/homebrew/opt/ollama/bin/ollama
1783330187,60034,0.0,13.2,/opt/homebrew/Cellar/ollama/0.31.1/libexec/lib/ollama/llama-server
1783330187,62829,7.6,1887.2,/opt/homebrew/Cellar/ollama/0.31.1/libexec/lib/ollama/llama-server
1783330189,58925,0.1,35.0,/opt/homebrew/opt/ollama/bin/ollama
1783330189,60034,0.0,13.2,/opt/homebrew/Cellar/ollama/0.31.1/libexec/lib/ollama/llama-server
1783330189,62829,7.4,1887.2,/opt/homebrew/Cellar/ollama/0.31.1/libexec/lib/ollama/llama-server
1783330191,58925,0.1,35.0,/opt/homebrew/opt/ollama/bin/ollama
1783330191,60034,0.0,13.2,/opt/homebrew/Cellar/ollama/0.31.1/libexec/lib/ollama/llama-server
1783330191,62829,7.2,1887.2,/opt/homebrew/Cellar/ollama/0.31.1/libexec/lib/ollama/llama-server
1783330193,58925,0.2,35.0,/opt/homebrew/opt/ollama/bin/ollama
1783330193,60034,0.0,13.2,/opt/homebrew/Cellar/ollama/0.31.1/libexec/lib/ollama/llama-server
1783330193,62829,6.9,1887.2,/opt/homebrew/Cellar/ollama/0.31.1/libexec/lib/ollama/llama-server
1783330195,58925,0.1,35.0,/opt/homebrew/opt/ollama/bin/ollama
1783330195,60034,0.0,13.2,/opt/homebrew/Cellar/ollama/0.31.1/libexec/lib/ollama/llama-server
1783330195,62829,7.0,1887.2,/opt/homebrew/Cellar/ollama/0.31.1/libexec/lib/ollama/llama-server
1783330197,58925,0.2,35.1,/opt/homebrew/opt/ollama/bin/ollama
1783330197,60034,0.0,13.2,/opt/homebrew/Cellar/ollama/0.31.1/libexec/lib/ollama/llama-server
1783330197,62829,7.2,1887.2,/opt/homebrew/Cellar/ollama/0.31.1/libexec/lib/ollama/llama-server
1783330199,58925,0.1,35.1,/opt/homebrew/opt/ollama/bin/ollama
1783330199,60034,0.0,13.2,/opt/homebrew/Cellar/ollama/0.31.1/libexec/lib/ollama/llama-server
1783330199,62829,6.5,1887.3,/opt/homebrew/Cellar/ollama/0.31.1/libexec/lib/ollama/llama-server
1783330201,58925,0.1,35.1,/opt/homebrew/opt/ollama/bin/ollama
1783330201,60034,0.0,13.2,/opt/homebrew/Cellar/ollama/0.31.1/libexec/lib/ollama/llama-server
1783330201,62829,6.9,1887.3,/opt/homebrew/Cellar/ollama/0.31.1/libexec/lib/ollama/llama-server
1783330203,58925,0.1,35.1,/opt/homebrew/opt/ollama/bin/ollama
1783330203,60034,0.0,13.2,/opt/homebrew/Cellar/ollama/0.31.1/libexec/lib/ollama/llama-server
1783330203,62829,7.2,1887.3,/opt/homebrew/Cellar/ollama/0.31.1/libexec/lib/ollama/llama-server
1783330205,58925,0.1,35.1,/opt/homebrew/opt/ollama/bin/ollama
1783330205,60034,0.0,13.2,/opt/homebrew/Cellar/ollama/0.31.1/libexec/lib/ollama/llama-server
1783330205,62829,6.7,1887.3,/opt/homebrew/Cellar/ollama/0.31.1/libexec/lib/ollama/llama-server
1783330207,58925,0.2,35.1,/opt/homebrew/opt/ollama/bin/ollama
1783330207,60034,0.0,13.2,/opt/homebrew/Cellar/ollama/0.31.1/libexec/lib/ollama/llama-server
1783330207,62829,6.7,1887.3,/opt/homebrew/Cellar/ollama/0.31.1/libexec/lib/ollama/llama-server
1783330209,58925,0.1,35.1,/opt/homebrew/opt/ollama/bin/ollama
1783330209,60034,0.0,13.2,/opt/homebrew/Cellar/ollama/0.31.1/libexec/lib/ollama/llama-server
1783330209,62829,5.6,1887.5,/opt/homebrew/Cellar/ollama/0.31.1/libexec/lib/ollama/llama-server
1783330211,58925,0.3,18.5,/opt/homebrew/opt/ollama/bin/ollama
1783330211,60034,0.0,13.2,/opt/homebrew/Cellar/ollama/0.31.1/libexec/lib/ollama/llama-server
1783330211,62829,6.4,1885.5,/opt/homebrew/Cellar/ollama/0.31.1/libexec/lib/ollama/llama-server
1783330213,58925,0.2,19.0,/opt/homebrew/opt/ollama/bin/ollama
1783330213,60034,0.0,13.2,/opt/homebrew/Cellar/ollama/0.31.1/libexec/lib/ollama/llama-server
1783330213,62829,7.1,1885.8,/opt/homebrew/Cellar/ollama/0.31.1/libexec/lib/ollama/llama-server
1783330215,58925,0.3,19.1,/opt/homebrew/opt/ollama/bin/ollama
1783330215,60034,0.0,13.2,/opt/homebrew/Cellar/ollama/0.31.1/libexec/lib/ollama/llama-server
1783330215,62829,7.6,1885.7,/opt/homebrew/Cellar/ollama/0.31.1/libexec/lib/ollama/llama-server
1783330217,58925,0.2,19.2,/opt/homebrew/opt/ollama/bin/ollama
1783330217,60034,0.0,13.2,/opt/homebrew/Cellar/ollama/0.31.1/libexec/lib/ollama/llama-server
1783330217,62829,7.2,1885.8,/opt/homebrew/Cellar/ollama/0.31.1/libexec/lib/ollama/llama-server
1783330219,58925,0.1,19.6,/opt/homebrew/opt/ollama/bin/ollama
1783330219,60034,0.0,13.2,/opt/homebrew/Cellar/ollama/0.31.1/libexec/lib/ollama/llama-server
1783330219,62829,6.9,1885.8,/opt/homebrew/Cellar/ollama/0.31.1/libexec/lib/ollama/llama-server
1783330221,58925,0.2,19.8,/opt/homebrew/opt/ollama/bin/ollama
1783330221,60034,0.0,13.2,/opt/homebrew/Cellar/ollama/0.31.1/libexec/lib/ollama/llama-server
1783330221,62829,7.5,1885.8,/opt/homebrew/Cellar/ollama/0.31.1/libexec/lib/ollama/llama-server
1783330223,58925,0.1,19.9,/opt/homebrew/opt/ollama/bin/ollama
1783330223,60034,0.0,13.2,/opt/homebrew/Cellar/ollama/0.31.1/libexec/lib/ollama/llama-server
1783330223,62829,6.6,1885.8,/opt/homebrew/Cellar/ollama/0.31.1/libexec/lib/ollama/llama-server
1783330225,58925,0.1,20.2,/opt/homebrew/opt/ollama/bin/ollama
1783330225,60034,0.0,13.2,/opt/homebrew/Cellar/ollama/0.31.1/libexec/lib/ollama/llama-server
1783330225,62829,7.0,1885.8,/opt/homebrew/Cellar/ollama/0.31.1/libexec/lib/ollama/llama-server
1783330227,58925,0.1,20.3,/opt/homebrew/opt/ollama/bin/ollama
1783330227,60034,0.0,13.2,/opt/homebrew/Cellar/ollama/0.31.1/libexec/lib/ollama/llama-server
1783330227,62829,6.9,1885.8,/opt/homebrew/Cellar/ollama/0.31.1/libexec/lib/ollama/llama-server
1783330229,58925,0.3,20.5,/opt/homebrew/opt/ollama/bin/ollama
1783330229,60034,0.0,13.2,/opt/homebrew/Cellar/ollama/0.31.1/libexec/lib/ollama/llama-server
1783330229,62829,8.3,1885.8,/opt/homebrew/Cellar/ollama/0.31.1/libexec/lib/ollama/llama-server
1783330231,58925,0.1,20.6,/opt/homebrew/opt/ollama/bin/ollama
1783330231,60034,0.0,13.2,/opt/homebrew/Cellar/ollama/0.31.1/libexec/lib/ollama/llama-server
1783330231,62829,6.7,1886.2,/opt/homebrew/Cellar/ollama/0.31.1/libexec/lib/ollama/llama-server
1783330233,58925,0.2,20.7,/opt/homebrew/opt/ollama/bin/ollama
1783330233,60034,0.0,13.2,/opt/homebrew/Cellar/ollama/0.31.1/libexec/lib/ollama/llama-server
1783330233,62829,7.4,1886.3,/opt/homebrew/Cellar/ollama/0.31.1/libexec/lib/ollama/llama-server
1783330235,58925,0.1,20.8,/opt/homebrew/opt/ollama/bin/ollama
1783330235,60034,0.0,13.2,/opt/homebrew/Cellar/ollama/0.31.1/libexec/lib/ollama/llama-server
1783330235,62829,6.7,1886.3,/opt/homebrew/Cellar/ollama/0.31.1/libexec/lib/ollama/llama-server
1783330237,58925,0.1,20.9,/opt/homebrew/opt/ollama/bin/ollama
1783330237,60034,0.0,13.2,/opt/homebrew/Cellar/ollama/0.31.1/libexec/lib/ollama/llama-server
1783330237,62829,6.7,1886.3,/opt/homebrew/Cellar/ollama/0.31.1/libexec/lib/ollama/llama-server
1783330239,58925,0.1,21.0,/opt/homebrew/opt/ollama/bin/ollama
1783330239,60034,0.0,13.2,/opt/homebrew/Cellar/ollama/0.31.1/libexec/lib/ollama/llama-server
1783330239,62829,6.5,1886.3,/opt/homebrew/Cellar/ollama/0.31.1/libexec/lib/ollama/llama-server
1783330242,58925,0.2,21.0,/opt/homebrew/opt/ollama/bin/ollama
1783330242,60034,0.0,13.2,/opt/homebrew/Cellar/ollama/0.31.1/libexec/lib/ollama/llama-server
1783330242,62829,7.3,1887.7,/opt/homebrew/Cellar/ollama/0.31.1/libexec/lib/ollama/llama-server
1783330244,58925,0.1,21.1,/opt/homebrew/opt/ollama/bin/ollama
1783330244,60034,0.0,13.2,/opt/homebrew/Cellar/ollama/0.31.1/libexec/lib/ollama/llama-server
1783330244,62829,7.6,1887.7,/opt/homebrew/Cellar/ollama/0.31.1/libexec/lib/ollama/llama-server
1783330246,58925,0.1,21.1,/opt/homebrew/opt/ollama/bin/ollama
1783330246,60034,0.0,13.2,/opt/homebrew/Cellar/ollama/0.31.1/libexec/lib/ollama/llama-server
1783330246,62829,7.4,1887.7,/opt/homebrew/Cellar/ollama/0.31.1/libexec/lib/ollama/llama-server
1783330248,58925,0.1,21.2,/opt/homebrew/opt/ollama/bin/ollama
1783330248,60034,0.0,13.2,/opt/homebrew/Cellar/ollama/0.31.1/libexec/lib/ollama/llama-server
1783330248,62829,7.4,1887.7,/opt/homebrew/Cellar/ollama/0.31.1/libexec/lib/ollama/llama-server
1783330250,58925,0.1,21.4,/opt/homebrew/opt/ollama/bin/ollama
1783330250,60034,0.0,13.2,/opt/homebrew/Cellar/ollama/0.31.1/libexec/lib/ollama/llama-server
1783330250,62829,7.1,1887.8,/opt/homebrew/Cellar/ollama/0.31.1/libexec/lib/ollama/llama-server
1783330252,58925,0.2,21.5,/opt/homebrew/opt/ollama/bin/ollama
1783330252,60034,0.0,13.2,/opt/homebrew/Cellar/ollama/0.31.1/libexec/lib/ollama/llama-server
1783330252,62829,7.3,1887.8,/opt/homebrew/Cellar/ollama/0.31.1/libexec/lib/ollama/llama-server
1783330254,58925,0.2,21.6,/opt/homebrew/opt/ollama/bin/ollama
1783330254,60034,0.0,13.2,/opt/homebrew/Cellar/ollama/0.31.1/libexec/lib/ollama/llama-server
1783330254,62829,7.5,1887.8,/opt/homebrew/Cellar/ollama/0.31.1/libexec/lib/ollama/llama-server
1783330256,58925,0.1,21.7,/opt/homebrew/opt/ollama/bin/ollama
1783330256,60034,0.0,13.2,/opt/homebrew/Cellar/ollama/0.31.1/libexec/lib/ollama/llama-server
1783330256,62829,7.3,1887.8,/opt/homebrew/Cellar/ollama/0.31.1/libexec/lib/ollama/llama-server
1783330258,58925,0.1,21.8,/opt/homebrew/opt/ollama/bin/ollama
1783330258,60034,0.0,13.2,/opt/homebrew/Cellar/ollama/0.31.1/libexec/lib/ollama/llama-server
1783330258,62829,7.2,1887.9,/opt/homebrew/Cellar/ollama/0.31.1/libexec/lib/ollama/llama-server
1783330260,58925,0.4,28.8,/opt/homebrew/opt/ollama/bin/ollama
1783330260,60034,0.0,13.2,/opt/homebrew/Cellar/ollama/0.31.1/libexec/lib/ollama/llama-server
1783330260,62829,7.5,1887.9,/opt/homebrew/Cellar/ollama/0.31.1/libexec/lib/ollama/llama-server
1783330262,58925,0.1,28.8,/opt/homebrew/opt/ollama/bin/ollama
1783330262,60034,0.0,13.2,/opt/homebrew/Cellar/ollama/0.31.1/libexec/lib/ollama/llama-server
1783330262,62829,7.1,1887.9,/opt/homebrew/Cellar/ollama/0.31.1/libexec/lib/ollama/llama-server
1783330264,58925,0.1,28.8,/opt/homebrew/opt/ollama/bin/ollama
1783330264,60034,0.0,13.2,/opt/homebrew/Cellar/ollama/0.31.1/libexec/lib/ollama/llama-server
1783330264,62829,7.1,1887.9,/opt/homebrew/Cellar/ollama/0.31.1/libexec/lib/ollama/llama-server
1783330266,58925,0.1,28.9,/opt/homebrew/opt/ollama/bin/ollama
1783330266,60034,0.0,13.2,/opt/homebrew/Cellar/ollama/0.31.1/libexec/lib/ollama/llama-server
1783330266,62829,7.5,1887.9,/opt/homebrew/Cellar/ollama/0.31.1/libexec/lib/ollama/llama-server
1783330268,58925,0.2,28.9,/opt/homebrew/opt/ollama/bin/ollama
1783330268,60034,0.0,13.2,/opt/homebrew/Cellar/ollama/0.31.1/libexec/lib/ollama/llama-server
1783330268,62829,7.3,1887.9,/opt/homebrew/Cellar/ollama/0.31.1/libexec/lib/ollama/llama-server
1783330270,58925,0.1,28.9,/opt/homebrew/opt/ollama/bin/ollama
1783330270,60034,0.0,13.2,/opt/homebrew/Cellar/ollama/0.31.1/libexec/lib/ollama/llama-server
1783330270,62829,7.0,1887.9,/opt/homebrew/Cellar/ollama/0.31.1/libexec/lib/ollama/llama-server
1783330272,58925,0.1,28.9,/opt/homebrew/opt/ollama/bin/ollama
1783330272,60034,0.0,13.2,/opt/homebrew/Cellar/ollama/0.31.1/libexec/lib/ollama/llama-server
1783330272,62829,6.9,1887.9,/opt/homebrew/Cellar/ollama/0.31.1/libexec/lib/ollama/llama-server
1783330274,58925,0.4,28.9,/opt/homebrew/opt/ollama/bin/ollama
1783330274,60034,0.0,13.2,/opt/homebrew/Cellar/ollama/0.31.1/libexec/lib/ollama/llama-server
1783330274,62829,9.3,1888.0,/opt/homebrew/Cellar/ollama/0.31.1/libexec/lib/ollama/llama-server
1783330276,58925,0.2,28.9,/opt/homebrew/opt/ollama/bin/ollama
1783330276,60034,0.0,13.2,/opt/homebrew/Cellar/ollama/0.31.1/libexec/lib/ollama/llama-server
1783330276,62829,8.2,1888.0,/opt/homebrew/Cellar/ollama/0.31.1/libexec/lib/ollama/llama-server
1783330278,58925,0.2,28.9,/opt/homebrew/opt/ollama/bin/ollama
1783330278,60034,0.0,13.2,/opt/homebrew/Cellar/ollama/0.31.1/libexec/lib/ollama/llama-server
1783330278,62829,7.7,1888.0,/opt/homebrew/Cellar/ollama/0.31.1/libexec/lib/ollama/llama-server
1783330280,58925,0.2,28.9,/opt/homebrew/opt/ollama/bin/ollama
1783330280,60034,0.0,13.2,/opt/homebrew/Cellar/ollama/0.31.1/libexec/lib/ollama/llama-server
1783330280,62829,8.2,1888.0,/opt/homebrew/Cellar/ollama/0.31.1/libexec/lib/ollama/llama-server
1783330282,58925,0.2,28.9,/opt/homebrew/opt/ollama/bin/ollama
1783330282,60034,0.0,13.2,/opt/homebrew/Cellar/ollama/0.31.1/libexec/lib/ollama/llama-server
1783330282,62829,7.1,1888.0,/opt/homebrew/Cellar/ollama/0.31.1/libexec/lib/ollama/llama-server
1783330284,58925,0.2,28.9,/opt/homebrew/opt/ollama/bin/ollama
1783330284,60034,0.0,13.2,/opt/homebrew/Cellar/ollama/0.31.1/libexec/lib/ollama/llama-server
1783330284,62829,7.7,1888.1,/opt/homebrew/Cellar/ollama/0.31.1/libexec/lib/ollama/llama-server
1783330286,58925,0.2,28.9,/opt/homebrew/opt/ollama/bin/ollama
1783330286,60034,0.0,13.2,/opt/homebrew/Cellar/ollama/0.31.1/libexec/lib/ollama/llama-server
1783330286,62829,7.5,1888.1,/opt/homebrew/Cellar/ollama/0.31.1/libexec/lib/ollama/llama-server
1783330288,58925,0.2,28.9,/opt/homebrew/opt/ollama/bin/ollama
1783330288,60034,0.0,13.2,/opt/homebrew/Cellar/ollama/0.31.1/libexec/lib/ollama/llama-server
1783330288,62829,8.4,1888.1,/opt/homebrew/Cellar/ollama/0.31.1/libexec/lib/ollama/llama-server
1783330290,58925,0.6,28.9,/opt/homebrew/opt/ollama/bin/ollama
1783330290,60034,0.0,13.2,/opt/homebrew/Cellar/ollama/0.31.1/libexec/lib/ollama/llama-server
1783330290,62829,8.9,1887.9,/opt/homebrew/Cellar/ollama/0.31.1/libexec/lib/ollama/llama-server
1783330292,58925,0.2,28.9,/opt/homebrew/opt/ollama/bin/ollama
1783330292,60034,0.0,13.2,/opt/homebrew/Cellar/ollama/0.31.1/libexec/lib/ollama/llama-server
1783330292,62829,7.6,1887.8,/opt/homebrew/Cellar/ollama/0.31.1/libexec/lib/ollama/llama-server
1783330294,58925,0.2,28.9,/opt/homebrew/opt/ollama/bin/ollama
1783330294,60034,0.0,13.2,/opt/homebrew/Cellar/ollama/0.31.1/libexec/lib/ollama/llama-server
1783330294,62829,7.4,1887.8,/opt/homebrew/Cellar/ollama/0.31.1/libexec/lib/ollama/llama-server
1783330297,58925,0.4,28.9,/opt/homebrew/opt/ollama/bin/ollama
1783330297,60034,0.0,13.2,/opt/homebrew/Cellar/ollama/0.31.1/libexec/lib/ollama/llama-server
1783330297,62829,8.5,1887.8,/opt/homebrew/Cellar/ollama/0.31.1/libexec/lib/ollama/llama-server
1783330299,58925,0.2,24.6,/opt/homebrew/opt/ollama/bin/ollama
1783330299,60034,0.0,13.2,/opt/homebrew/Cellar/ollama/0.31.1/libexec/lib/ollama/llama-server
1783330299,62829,7.6,1879.4,/opt/homebrew/Cellar/ollama/0.31.1/libexec/lib/ollama/llama-server
1783330301,58925,0.2,24.8,/opt/homebrew/opt/ollama/bin/ollama
1783330301,60034,0.0,13.2,/opt/homebrew/Cellar/ollama/0.31.1/libexec/lib/ollama/llama-server
1783330301,62829,7.6,1879.5,/opt/homebrew/Cellar/ollama/0.31.1/libexec/lib/ollama/llama-server
1783330303,58925,0.1,24.8,/opt/homebrew/opt/ollama/bin/ollama
1783330303,60034,0.0,13.2,/opt/homebrew/Cellar/ollama/0.31.1/libexec/lib/ollama/llama-server
1783330303,62829,7.0,1879.8,/opt/homebrew/Cellar/ollama/0.31.1/libexec/lib/ollama/llama-server
1783330305,58925,0.3,22.9,/opt/homebrew/opt/ollama/bin/ollama
1783330305,60034,0.0,13.2,/opt/homebrew/Cellar/ollama/0.31.1/libexec/lib/ollama/llama-server
1783330305,62829,7.4,1879.8,/opt/homebrew/Cellar/ollama/0.31.1/libexec/lib/ollama/llama-server
1783330307,58925,0.3,16.0,/opt/homebrew/opt/ollama/bin/ollama
1783330307,60034,0.0,13.2,/opt/homebrew/Cellar/ollama/0.31.1/libexec/lib/ollama/llama-server
1783330307,62829,8.8,1879.8,/opt/homebrew/Cellar/ollama/0.31.1/libexec/lib/ollama/llama-server
1783330309,58925,0.6,15.5,/opt/homebrew/opt/ollama/bin/ollama
1783330309,60034,0.0,12.9,/opt/homebrew/Cellar/ollama/0.31.1/libexec/lib/ollama/llama-server
1783330309,62829,9.6,1866.0,/opt/homebrew/Cellar/ollama/0.31.1/libexec/lib/ollama/llama-server
1783330311,58925,0.6,14.5,/opt/homebrew/opt/ollama/bin/ollama
1783330311,60034,0.0,12.8,/opt/homebrew/Cellar/ollama/0.31.1/libexec/lib/ollama/llama-server
1783330311,62829,9.9,1864.2,/opt/homebrew/Cellar/ollama/0.31.1/libexec/lib/ollama/llama-server
1783330313,58925,0.4,14.8,/opt/homebrew/opt/ollama/bin/ollama
1783330313,60034,0.0,12.8,/opt/homebrew/Cellar/ollama/0.31.1/libexec/lib/ollama/llama-server
1783330313,62829,9.0,1864.1,/opt/homebrew/Cellar/ollama/0.31.1/libexec/lib/ollama/llama-server
1783330315,58925,0.6,14.5,/opt/homebrew/opt/ollama/bin/ollama
1783330315,60034,0.0,12.2,/opt/homebrew/Cellar/ollama/0.31.1/libexec/lib/ollama/llama-server
1783330315,62829,9.6,1863.5,/opt/homebrew/Cellar/ollama/0.31.1/libexec/lib/ollama/llama-server
1783330317,58925,0.2,14.7,/opt/homebrew/opt/ollama/bin/ollama
1783330317,60034,0.0,12.3,/opt/homebrew/Cellar/ollama/0.31.1/libexec/lib/ollama/llama-server
1783330317,62829,8.2,1863.5,/opt/homebrew/Cellar/ollama/0.31.1/libexec/lib/ollama/llama-server
1783330319,58925,0.1,14.8,/opt/homebrew/opt/ollama/bin/ollama
1783330319,60034,0.0,12.3,/opt/homebrew/Cellar/ollama/0.31.1/libexec/lib/ollama/llama-server
1783330319,62829,7.7,1863.5,/opt/homebrew/Cellar/ollama/0.31.1/libexec/lib/ollama/llama-server
1783330321,58925,0.2,25.2,/opt/homebrew/opt/ollama/bin/ollama
1783330321,60034,0.0,12.2,/opt/homebrew/Cellar/ollama/0.31.1/libexec/lib/ollama/llama-server
1783330321,62829,7.7,1863.5,/opt/homebrew/Cellar/ollama/0.31.1/libexec/lib/ollama/llama-server
1783330323,58925,0.1,25.2,/opt/homebrew/opt/ollama/bin/ollama
1783330323,60034,0.0,12.3,/opt/homebrew/Cellar/ollama/0.31.1/libexec/lib/ollama/llama-server
1783330323,62829,7.6,1863.6,/opt/homebrew/Cellar/ollama/0.31.1/libexec/lib/ollama/llama-server
1783330325,58925,0.1,25.2,/opt/homebrew/opt/ollama/bin/ollama
1783330325,60034,0.0,12.3,/opt/homebrew/Cellar/ollama/0.31.1/libexec/lib/ollama/llama-server
1783330325,62829,7.6,1863.6,/opt/homebrew/Cellar/ollama/0.31.1/libexec/lib/ollama/llama-server
1783330327,58925,0.1,25.3,/opt/homebrew/opt/ollama/bin/ollama
1783330327,60034,0.0,12.3,/opt/homebrew/Cellar/ollama/0.31.1/libexec/lib/ollama/llama-server
1783330327,62829,7.4,1863.6,/opt/homebrew/Cellar/ollama/0.31.1/libexec/lib/ollama/llama-server
1783330329,58925,0.3,25.0,/opt/homebrew/opt/ollama/bin/ollama
1783330329,60034,0.0,12.3,/opt/homebrew/Cellar/ollama/0.31.1/libexec/lib/ollama/llama-server
1783330329,62829,7.6,1863.5,/opt/homebrew/Cellar/ollama/0.31.1/libexec/lib/ollama/llama-server
1783330331,58925,0.4,24.9,/opt/homebrew/opt/ollama/bin/ollama
1783330331,60034,0.0,12.3,/opt/homebrew/Cellar/ollama/0.31.1/libexec/lib/ollama/llama-server
1783330331,62829,9.3,1863.3,/opt/homebrew/Cellar/ollama/0.31.1/libexec/lib/ollama/llama-server
1783330333,58925,0.1,23.6,/opt/homebrew/opt/ollama/bin/ollama
1783330333,60034,0.0,12.1,/opt/homebrew/Cellar/ollama/0.31.1/libexec/lib/ollama/llama-server
1783330333,62829,8.2,1863.5,/opt/homebrew/Cellar/ollama/0.31.1/libexec/lib/ollama/llama-server
1783330335,58925,0.3,15.0,/opt/homebrew/opt/ollama/bin/ollama
1783330335,60034,0.0,12.3,/opt/homebrew/Cellar/ollama/0.31.1/libexec/lib/ollama/llama-server
1783330335,62829,9.1,1863.5,/opt/homebrew/Cellar/ollama/0.31.1/libexec/lib/ollama/llama-server
1783330337,58925,0.2,12.3,/opt/homebrew/opt/ollama/bin/ollama
1783330337,60034,0.0,12.2,/opt/homebrew/Cellar/ollama/0.31.1/libexec/lib/ollama/llama-server
1783330337,62829,8.9,1865.2,/opt/homebrew/Cellar/ollama/0.31.1/libexec/lib/ollama/llama-server
1783330339,58925,1.4,11.9,/opt/homebrew/opt/ollama/bin/ollama
1783330339,60034,0.0,11.8,/opt/homebrew/Cellar/ollama/0.31.1/libexec/lib/ollama/llama-server
1783330339,62829,26.8,1864.4,/opt/homebrew/Cellar/ollama/0.31.1/libexec/lib/ollama/llama-server
1783330341,58925,0.3,11.9,/opt/homebrew/opt/ollama/bin/ollama
1783330341,60034,0.0,11.8,/opt/homebrew/Cellar/ollama/0.31.1/libexec/lib/ollama/llama-server
1783330341,62829,9.5,1864.4,/opt/homebrew/Cellar/ollama/0.31.1/libexec/lib/ollama/llama-server
1783330343,58925,0.1,11.6,/opt/homebrew/opt/ollama/bin/ollama
1783330343,60034,0.0,11.8,/opt/homebrew/Cellar/ollama/0.31.1/libexec/lib/ollama/llama-server
1783330343,62829,7.5,1864.4,/opt/homebrew/Cellar/ollama/0.31.1/libexec/lib/ollama/llama-server
1783330346,58925,0.5,11.4,/opt/homebrew/opt/ollama/bin/ollama
1783330346,60034,0.0,11.8,/opt/homebrew/Cellar/ollama/0.31.1/libexec/lib/ollama/llama-server
1783330346,62829,8.8,1863.1,/opt/homebrew/Cellar/ollama/0.31.1/libexec/lib/ollama/llama-server
1783330348,58925,0.2,11.6,/opt/homebrew/opt/ollama/bin/ollama
1783330348,60034,0.0,11.8,/opt/homebrew/Cellar/ollama/0.31.1/libexec/lib/ollama/llama-server
1783330348,62829,8.4,1863.0,/opt/homebrew/Cellar/ollama/0.31.1/libexec/lib/ollama/llama-server
1783330350,58925,0.3,11.7,/opt/homebrew/opt/ollama/bin/ollama
1783330350,60034,0.0,11.8,/opt/homebrew/Cellar/ollama/0.31.1/libexec/lib/ollama/llama-server
1783330350,62829,9.3,1862.6,/opt/homebrew/Cellar/ollama/0.31.1/libexec/lib/ollama/llama-server
1783330352,58925,0.5,10.5,/opt/homebrew/opt/ollama/bin/ollama
1783330352,60034,0.0,11.8,/opt/homebrew/Cellar/ollama/0.31.1/libexec/lib/ollama/llama-server
1783330352,62829,9.1,1862.7,/opt/homebrew/Cellar/ollama/0.31.1/libexec/lib/ollama/llama-server
1783330354,58925,0.1,11.1,/opt/homebrew/opt/ollama/bin/ollama
1783330354,60034,0.0,11.8,/opt/homebrew/Cellar/ollama/0.31.1/libexec/lib/ollama/llama-server
1783330354,62829,8.4,1863.0,/opt/homebrew/Cellar/ollama/0.31.1/libexec/lib/ollama/llama-server
1783330356,58925,0.4,11.1,/opt/homebrew/opt/ollama/bin/ollama
1783330356,60034,0.0,11.8,/opt/homebrew/Cellar/ollama/0.31.1/libexec/lib/ollama/llama-server
1783330356,62829,9.4,1863.0,/opt/homebrew/Cellar/ollama/0.31.1/libexec/lib/ollama/llama-server
1783330358,58925,0.2,11.3,/opt/homebrew/opt/ollama/bin/ollama
1783330358,60034,0.0,11.8,/opt/homebrew/Cellar/ollama/0.31.1/libexec/lib/ollama/llama-server
1783330358,62829,8.6,1863.0,/opt/homebrew/Cellar/ollama/0.31.1/libexec/lib/ollama/llama-server
1783330360,58925,0.5,10.8,/opt/homebrew/opt/ollama/bin/ollama
1783330360,60034,0.0,11.6,/opt/homebrew/Cellar/ollama/0.31.1/libexec/lib/ollama/llama-server
1783330360,62829,9.7,1863.3,/opt/homebrew/Cellar/ollama/0.31.1/libexec/lib/ollama/llama-server
1783330362,58925,0.4,10.6,/opt/homebrew/opt/ollama/bin/ollama
1783330362,60034,0.0,11.8,/opt/homebrew/Cellar/ollama/0.31.1/libexec/lib/ollama/llama-server
1783330362,62829,9.3,1863.3,/opt/homebrew/Cellar/ollama/0.31.1/libexec/lib/ollama/llama-server
1783330364,58925,0.6,8.3,/opt/homebrew/opt/ollama/bin/ollama
1783330364,60034,0.0,11.4,/opt/homebrew/Cellar/ollama/0.31.1/libexec/lib/ollama/llama-server
1783330364,62829,9.4,1862.3,/opt/homebrew/Cellar/ollama/0.31.1/libexec/lib/ollama/llama-server
1783330366,58925,0.5,8.3,/opt/homebrew/opt/ollama/bin/ollama
1783330366,60034,0.0,11.2,/opt/homebrew/Cellar/ollama/0.31.1/libexec/lib/ollama/llama-server
1783330366,62829,8.5,1862.5,/opt/homebrew/Cellar/ollama/0.31.1/libexec/lib/ollama/llama-server
1783330368,58925,0.5,8.1,/opt/homebrew/opt/ollama/bin/ollama
1783330368,60034,0.0,11.4,/opt/homebrew/Cellar/ollama/0.31.1/libexec/lib/ollama/llama-server
1783330368,62829,8.5,1862.4,/opt/homebrew/Cellar/ollama/0.31.1/libexec/lib/ollama/llama-server
1783330370,58925,0.3,7.9,/opt/homebrew/opt/ollama/bin/ollama
1783330370,60034,0.0,11.4,/opt/homebrew/Cellar/ollama/0.31.1/libexec/lib/ollama/llama-server
1783330370,62829,6.5,1862.7,/opt/homebrew/Cellar/ollama/0.31.1/libexec/lib/ollama/llama-server
1783330372,58925,0.3,8.0,/opt/homebrew/opt/ollama/bin/ollama
1783330372,60034,0.0,11.4,/opt/homebrew/Cellar/ollama/0.31.1/libexec/lib/ollama/llama-server
1783330372,62829,7.2,1862.7,/opt/homebrew/Cellar/ollama/0.31.1/libexec/lib/ollama/llama-server
1783330374,58925,0.5,8.3,/opt/homebrew/opt/ollama/bin/ollama
1783330374,60034,0.0,11.4,/opt/homebrew/Cellar/ollama/0.31.1/libexec/lib/ollama/llama-server
1783330374,62829,8.1,1864.4,/opt/homebrew/Cellar/ollama/0.31.1/libexec/lib/ollama/llama-server
1783330376,58925,0.4,8.3,/opt/homebrew/opt/ollama/bin/ollama
1783330376,60034,0.0,11.4,/opt/homebrew/Cellar/ollama/0.31.1/libexec/lib/ollama/llama-server
1783330376,62829,8.2,1863.9,/opt/homebrew/Cellar/ollama/0.31.1/libexec/lib/ollama/llama-server
1783330378,58925,0.4,8.5,/opt/homebrew/opt/ollama/bin/ollama
1783330378,60034,0.0,11.4,/opt/homebrew/Cellar/ollama/0.31.1/libexec/lib/ollama/llama-server
1783330378,62829,8.3,1864.0,/opt/homebrew/Cellar/ollama/0.31.1/libexec/lib/ollama/llama-server
1783330380,58925,0.5,8.5,/opt/homebrew/opt/ollama/bin/ollama
1783330380,60034,0.0,11.2,/opt/homebrew/Cellar/ollama/0.31.1/libexec/lib/ollama/llama-server
1783330380,62829,8.5,1863.8,/opt/homebrew/Cellar/ollama/0.31.1/libexec/lib/ollama/llama-server
1783330382,58925,0.5,8.5,/opt/homebrew/opt/ollama/bin/ollama
1783330382,60034,0.0,11.2,/opt/homebrew/Cellar/ollama/0.31.1/libexec/lib/ollama/llama-server
1783330382,62829,8.7,1862.5,/opt/homebrew/Cellar/ollama/0.31.1/libexec/lib/ollama/llama-server
1783330385,58925,0.2,8.7,/opt/homebrew/opt/ollama/bin/ollama
1783330385,60034,0.0,11.2,/opt/homebrew/Cellar/ollama/0.31.1/libexec/lib/ollama/llama-server
1783330385,62829,7.0,1862.8,/opt/homebrew/Cellar/ollama/0.31.1/libexec/lib/ollama/llama-server
1783330387,58925,0.2,8.8,/opt/homebrew/opt/ollama/bin/ollama
1783330387,60034,0.0,11.2,/opt/homebrew/Cellar/ollama/0.31.1/libexec/lib/ollama/llama-server
1783330387,62829,7.4,1862.8,/opt/homebrew/Cellar/ollama/0.31.1/libexec/lib/ollama/llama-server
1783330389,58925,0.2,8.9,/opt/homebrew/opt/ollama/bin/ollama
1783330389,60034,0.0,11.2,/opt/homebrew/Cellar/ollama/0.31.1/libexec/lib/ollama/llama-server
1783330389,62829,7.7,1862.8,/opt/homebrew/Cellar/ollama/0.31.1/libexec/lib/ollama/llama-server
1783330391,58925,0.2,9.0,/opt/homebrew/opt/ollama/bin/ollama
1783330391,60034,0.0,11.2,/opt/homebrew/Cellar/ollama/0.31.1/libexec/lib/ollama/llama-server
1783330391,62829,7.2,1862.8,/opt/homebrew/Cellar/ollama/0.31.1/libexec/lib/ollama/llama-server
1783330393,58925,0.2,9.2,/opt/homebrew/opt/ollama/bin/ollama
1783330393,60034,0.0,11.2,/opt/homebrew/Cellar/ollama/0.31.1/libexec/lib/ollama/llama-server
1783330393,62829,7.1,1862.9,/opt/homebrew/Cellar/ollama/0.31.1/libexec/lib/ollama/llama-server
1783330395,58925,0.2,21.6,/opt/homebrew/opt/ollama/bin/ollama
1783330395,60034,0.0,11.2,/opt/homebrew/Cellar/ollama/0.31.1/libexec/lib/ollama/llama-server
1783330395,62829,7.1,1866.4,/opt/homebrew/Cellar/ollama/0.31.1/libexec/lib/ollama/llama-server
1783330397,58925,0.2,21.6,/opt/homebrew/opt/ollama/bin/ollama
1783330397,60034,0.0,11.2,/opt/homebrew/Cellar/ollama/0.31.1/libexec/lib/ollama/llama-server
1783330397,62829,8.1,1866.4,/opt/homebrew/Cellar/ollama/0.31.1/libexec/lib/ollama/llama-server
1783330399,58925,0.1,21.6,/opt/homebrew/opt/ollama/bin/ollama
1783330399,60034,0.0,11.2,/opt/homebrew/Cellar/ollama/0.31.1/libexec/lib/ollama/llama-server
1783330399,62829,6.7,1866.5,/opt/homebrew/Cellar/ollama/0.31.1/libexec/lib/ollama/llama-server
1783330401,58925,0.2,21.6,/opt/homebrew/opt/ollama/bin/ollama
1783330401,60034,0.0,11.2,/opt/homebrew/Cellar/ollama/0.31.1/libexec/lib/ollama/llama-server
1783330401,62829,7.1,1866.5,/opt/homebrew/Cellar/ollama/0.31.1/libexec/lib/ollama/llama-server
1783330403,58925,0.2,21.6,/opt/homebrew/opt/ollama/bin/ollama
1783330403,60034,0.0,11.2,/opt/homebrew/Cellar/ollama/0.31.1/libexec/lib/ollama/llama-server
1783330403,62829,7.0,1866.5,/opt/homebrew/Cellar/ollama/0.31.1/libexec/lib/ollama/llama-server
1783330405,58925,0.2,21.6,/opt/homebrew/opt/ollama/bin/ollama
1783330405,60034,0.0,11.2,/opt/homebrew/Cellar/ollama/0.31.1/libexec/lib/ollama/llama-server
1783330405,62829,7.5,1866.5,/opt/homebrew/Cellar/ollama/0.31.1/libexec/lib/ollama/llama-server
1783330407,58925,0.2,21.6,/opt/homebrew/opt/ollama/bin/ollama
1783330407,60034,0.0,11.2,/opt/homebrew/Cellar/ollama/0.31.1/libexec/lib/ollama/llama-server
1783330407,62829,7.0,1866.5,/opt/homebrew/Cellar/ollama/0.31.1/libexec/lib/ollama/llama-server
1783330409,58925,0.1,21.6,/opt/homebrew/opt/ollama/bin/ollama
1783330409,60034,0.0,11.2,/opt/homebrew/Cellar/ollama/0.31.1/libexec/lib/ollama/llama-server
1783330409,62829,6.8,1866.5,/opt/homebrew/Cellar/ollama/0.31.1/libexec/lib/ollama/llama-server
1783330411,58925,0.1,21.6,/opt/homebrew/opt/ollama/bin/ollama
1783330411,60034,0.0,11.2,/opt/homebrew/Cellar/ollama/0.31.1/libexec/lib/ollama/llama-server
1783330411,62829,6.6,1866.5,/opt/homebrew/Cellar/ollama/0.31.1/libexec/lib/ollama/llama-server
1783330413,58925,0.2,21.6,/opt/homebrew/opt/ollama/bin/ollama
1783330413,60034,0.0,11.2,/opt/homebrew/Cellar/ollama/0.31.1/libexec/lib/ollama/llama-server
1783330413,62829,6.6,1866.5,/opt/homebrew/Cellar/ollama/0.31.1/libexec/lib/ollama/llama-server
1783330415,58925,0.2,21.6,/opt/homebrew/opt/ollama/bin/ollama
1783330415,60034,0.0,11.2,/opt/homebrew/Cellar/ollama/0.31.1/libexec/lib/ollama/llama-server
1783330415,62829,8.0,1868.1,/opt/homebrew/Cellar/ollama/0.31.1/libexec/lib/ollama/llama-server
1783330417,58925,0.6,21.5,/opt/homebrew/opt/ollama/bin/ollama
1783330417,60034,0.0,11.2,/opt/homebrew/Cellar/ollama/0.31.1/libexec/lib/ollama/llama-server
1783330417,62829,10.4,1866.4,/opt/homebrew/Cellar/ollama/0.31.1/libexec/lib/ollama/llama-server
1783330419,58925,0.4,20.9,/opt/homebrew/opt/ollama/bin/ollama
1783330419,60034,0.0,11.2,/opt/homebrew/Cellar/ollama/0.31.1/libexec/lib/ollama/llama-server
1783330419,62829,9.8,1865.9,/opt/homebrew/Cellar/ollama/0.31.1/libexec/lib/ollama/llama-server
1783330421,58925,0.2,20.9,/opt/homebrew/opt/ollama/bin/ollama
1783330421,60034,0.0,11.2,/opt/homebrew/Cellar/ollama/0.31.1/libexec/lib/ollama/llama-server
1783330421,62829,8.6,1865.9,/opt/homebrew/Cellar/ollama/0.31.1/libexec/lib/ollama/llama-server
1783330423,58925,0.6,20.9,/opt/homebrew/opt/ollama/bin/ollama
1783330423,60034,0.0,11.2,/opt/homebrew/Cellar/ollama/0.31.1/libexec/lib/ollama/llama-server
1783330423,62829,10.1,1865.9,/opt/homebrew/Cellar/ollama/0.31.1/libexec/lib/ollama/llama-server
1783330425,58925,0.3,20.9,/opt/homebrew/opt/ollama/bin/ollama
1783330425,60034,0.0,11.2,/opt/homebrew/Cellar/ollama/0.31.1/libexec/lib/ollama/llama-server
1783330425,62829,9.2,1865.9,/opt/homebrew/Cellar/ollama/0.31.1/libexec/lib/ollama/llama-server
1783330427,58925,0.2,20.9,/opt/homebrew/opt/ollama/bin/ollama
1783330427,60034,0.0,11.2,/opt/homebrew/Cellar/ollama/0.31.1/libexec/lib/ollama/llama-server
1783330427,62829,8.8,1866.0,/opt/homebrew/Cellar/ollama/0.31.1/libexec/lib/ollama/llama-server
1783330430,58925,0.6,11.1,/opt/homebrew/opt/ollama/bin/ollama
1783330430,60034,0.0,11.2,/opt/homebrew/Cellar/ollama/0.31.1/libexec/lib/ollama/llama-server
1783330430,62829,10.6,1862.7,/opt/homebrew/Cellar/ollama/0.31.1/libexec/lib/ollama/llama-server
1783330432,58925,0.6,11.2,/opt/homebrew/opt/ollama/bin/ollama
1783330432,60034,0.0,11.0,/opt/homebrew/Cellar/ollama/0.31.1/libexec/lib/ollama/llama-server
1783330432,62829,9.4,1862.8,/opt/homebrew/Cellar/ollama/0.31.1/libexec/lib/ollama/llama-server
1783330434,58925,0.5,11.4,/opt/homebrew/opt/ollama/bin/ollama
1783330434,60034,0.0,11.2,/opt/homebrew/Cellar/ollama/0.31.1/libexec/lib/ollama/llama-server
1783330434,62829,10.0,1862.8,/opt/homebrew/Cellar/ollama/0.31.1/libexec/lib/ollama/llama-server
1783330436,58925,0.6,11.6,/opt/homebrew/opt/ollama/bin/ollama
1783330436,60034,0.0,11.2,/opt/homebrew/Cellar/ollama/0.31.1/libexec/lib/ollama/llama-server
1783330436,62829,10.1,1862.8,/opt/homebrew/Cellar/ollama/0.31.1/libexec/lib/ollama/llama-server
1783330438,58925,0.5,11.7,/opt/homebrew/opt/ollama/bin/ollama
1783330438,60034,0.0,11.2,/opt/homebrew/Cellar/ollama/0.31.1/libexec/lib/ollama/llama-server
1783330438,62829,9.8,1862.8,/opt/homebrew/Cellar/ollama/0.31.1/libexec/lib/ollama/llama-server
1783330440,58925,0.6,11.8,/opt/homebrew/opt/ollama/bin/ollama
1783330440,60034,0.0,11.2,/opt/homebrew/Cellar/ollama/0.31.1/libexec/lib/ollama/llama-server
1783330440,62829,10.2,1862.8,/opt/homebrew/Cellar/ollama/0.31.1/libexec/lib/ollama/llama-server
1783330442,58925,0.4,11.1,/opt/homebrew/opt/ollama/bin/ollama
1783330442,60034,0.0,11.2,/opt/homebrew/Cellar/ollama/0.31.1/libexec/lib/ollama/llama-server
1783330442,62829,9.4,1862.4,/opt/homebrew/Cellar/ollama/0.31.1/libexec/lib/ollama/llama-server
1783330444,58925,0.5,11.4,/opt/homebrew/opt/ollama/bin/ollama
1783330444,60034,0.0,11.2,/opt/homebrew/Cellar/ollama/0.31.1/libexec/lib/ollama/llama-server
1783330444,62829,9.5,1862.4,/opt/homebrew/Cellar/ollama/0.31.1/libexec/lib/ollama/llama-server
1783330446,58925,0.5,11.5,/opt/homebrew/opt/ollama/bin/ollama
1783330446,60034,0.0,11.2,/opt/homebrew/Cellar/ollama/0.31.1/libexec/lib/ollama/llama-server
1783330446,62829,9.6,1862.4,/opt/homebrew/Cellar/ollama/0.31.1/libexec/lib/ollama/llama-server
1783330448,58925,0.5,11.5,/opt/homebrew/opt/ollama/bin/ollama
1783330448,60034,0.0,11.2,/opt/homebrew/Cellar/ollama/0.31.1/libexec/lib/ollama/llama-server
1783330448,62829,9.3,1862.3,/opt/homebrew/Cellar/ollama/0.31.1/libexec/lib/ollama/llama-server
1783330450,58925,0.5,11.7,/opt/homebrew/opt/ollama/bin/ollama
1783330450,60034,0.0,11.2,/opt/homebrew/Cellar/ollama/0.31.1/libexec/lib/ollama/llama-server
1783330450,62829,9.4,1864.0,/opt/homebrew/Cellar/ollama/0.31.1/libexec/lib/ollama/llama-server
1783330452,58925,0.6,11.8,/opt/homebrew/opt/ollama/bin/ollama
1783330452,60034,0.0,11.2,/opt/homebrew/Cellar/ollama/0.31.1/libexec/lib/ollama/llama-server
1783330452,62829,10.1,1864.0,/opt/homebrew/Cellar/ollama/0.31.1/libexec/lib/ollama/llama-server
1783330454,58925,0.6,11.9,/opt/homebrew/opt/ollama/bin/ollama
1783330454,60034,0.0,11.2,/opt/homebrew/Cellar/ollama/0.31.1/libexec/lib/ollama/llama-server
1783330454,62829,10.1,1864.0,/opt/homebrew/Cellar/ollama/0.31.1/libexec/lib/ollama/llama-server
1783330456,58925,0.6,11.7,/opt/homebrew/opt/ollama/bin/ollama
1783330456,60034,0.0,11.2,/opt/homebrew/Cellar/ollama/0.31.1/libexec/lib/ollama/llama-server
1783330456,62829,10.7,1863.7,/opt/homebrew/Cellar/ollama/0.31.1/libexec/lib/ollama/llama-server
1783330458,58925,0.6,11.4,/opt/homebrew/opt/ollama/bin/ollama
1783330458,60034,0.0,11.2,/opt/homebrew/Cellar/ollama/0.31.1/libexec/lib/ollama/llama-server
1783330458,62829,10.7,1863.7,/opt/homebrew/Cellar/ollama/0.31.1/libexec/lib/ollama/llama-server
1783330460,58925,0.5,11.7,/opt/homebrew/opt/ollama/bin/ollama
1783330460,60034,0.0,11.2,/opt/homebrew/Cellar/ollama/0.31.1/libexec/lib/ollama/llama-server
1783330460,62829,9.1,1863.7,/opt/homebrew/Cellar/ollama/0.31.1/libexec/lib/ollama/llama-server
1783330462,58925,0.4,11.8,/opt/homebrew/opt/ollama/bin/ollama
1783330462,60034,0.0,11.2,/opt/homebrew/Cellar/ollama/0.31.1/libexec/lib/ollama/llama-server
1783330462,62829,8.5,1863.8,/opt/homebrew/Cellar/ollama/0.31.1/libexec/lib/ollama/llama-server
1783330464,58925,0.4,12.0,/opt/homebrew/opt/ollama/bin/ollama
1783330464,60034,0.0,11.2,/opt/homebrew/Cellar/ollama/0.31.1/libexec/lib/ollama/llama-server
1783330464,62829,8.6,1863.7,/opt/homebrew/Cellar/ollama/0.31.1/libexec/lib/ollama/llama-server
1783330466,58925,0.4,12.1,/opt/homebrew/opt/ollama/bin/ollama
1783330466,60034,0.0,11.2,/opt/homebrew/Cellar/ollama/0.31.1/libexec/lib/ollama/llama-server
1783330466,62829,8.3,1863.7,/opt/homebrew/Cellar/ollama/0.31.1/libexec/lib/ollama/llama-server
1783330468,58925,13.9,33.6,/opt/homebrew/opt/ollama/bin/ollama
1783330468,60034,0.0,11.2,/opt/homebrew/Cellar/ollama/0.31.1/libexec/lib/ollama/llama-server
1783330468,62829,14.2,1872.0,/opt/homebrew/Cellar/ollama/0.31.1/libexec/lib/ollama/llama-server
1783330470,58925,0.5,33.6,/opt/homebrew/opt/ollama/bin/ollama
1783330470,60034,0.0,11.2,/opt/homebrew/Cellar/ollama/0.31.1/libexec/lib/ollama/llama-server
1783330470,62829,9.9,1872.1,/opt/homebrew/Cellar/ollama/0.31.1/libexec/lib/ollama/llama-server
1783330473,58925,0.5,33.7,/opt/homebrew/opt/ollama/bin/ollama
1783330473,60034,0.0,11.2,/opt/homebrew/Cellar/ollama/0.31.1/libexec/lib/ollama/llama-server
1783330473,62829,9.9,1872.1,/opt/homebrew/Cellar/ollama/0.31.1/libexec/lib/ollama/llama-server
1783330475,58925,0.4,26.7,/opt/homebrew/opt/ollama/bin/ollama
1783330475,60034,0.0,11.2,/opt/homebrew/Cellar/ollama/0.31.1/libexec/lib/ollama/llama-server
1783330475,62829,9.6,1870.7,/opt/homebrew/Cellar/ollama/0.31.1/libexec/lib/ollama/llama-server
1783330477,58925,0.4,17.0,/opt/homebrew/opt/ollama/bin/ollama
1783330477,60034,0.0,11.2,/opt/homebrew/Cellar/ollama/0.31.1/libexec/lib/ollama/llama-server
1783330477,62829,9.6,1870.6,/opt/homebrew/Cellar/ollama/0.31.1/libexec/lib/ollama/llama-server
1783330479,58925,0.5,15.8,/opt/homebrew/opt/ollama/bin/ollama
1783330479,60034,0.0,11.2,/opt/homebrew/Cellar/ollama/0.31.1/libexec/lib/ollama/llama-server
1783330479,62829,9.9,1862.7,/opt/homebrew/Cellar/ollama/0.31.1/libexec/lib/ollama/llama-server
1783330481,58925,0.4,16.0,/opt/homebrew/opt/ollama/bin/ollama
1783330481,60034,0.0,11.2,/opt/homebrew/Cellar/ollama/0.31.1/libexec/lib/ollama/llama-server
1783330481,62829,10.0,1862.7,/opt/homebrew/Cellar/ollama/0.31.1/libexec/lib/ollama/llama-server
1783330483,58925,0.6,15.5,/opt/homebrew/opt/ollama/bin/ollama
1783330483,60034,0.0,11.2,/opt/homebrew/Cellar/ollama/0.31.1/libexec/lib/ollama/llama-server
1783330483,62829,10.2,1862.9,/opt/homebrew/Cellar/ollama/0.31.1/libexec/lib/ollama/llama-server
1783330485,58925,0.5,15.7,/opt/homebrew/opt/ollama/bin/ollama
1783330485,60034,0.0,11.2,/opt/homebrew/Cellar/ollama/0.31.1/libexec/lib/ollama/llama-server
1783330485,62829,9.9,1863.0,/opt/homebrew/Cellar/ollama/0.31.1/libexec/lib/ollama/llama-server
1783330487,58925,0.6,15.9,/opt/homebrew/opt/ollama/bin/ollama
1783330487,60034,0.0,11.2,/opt/homebrew/Cellar/ollama/0.31.1/libexec/lib/ollama/llama-server
1783330487,62829,9.2,1864.5,/opt/homebrew/Cellar/ollama/0.31.1/libexec/lib/ollama/llama-server
1783330489,58925,0.7,16.1,/opt/homebrew/opt/ollama/bin/ollama
1783330489,60034,0.0,11.2,/opt/homebrew/Cellar/ollama/0.31.1/libexec/lib/ollama/llama-server
1783330489,62829,10.7,1864.5,/opt/homebrew/Cellar/ollama/0.31.1/libexec/lib/ollama/llama-server
1783330491,58925,0.6,16.2,/opt/homebrew/opt/ollama/bin/ollama
1783330491,60034,0.0,11.2,/opt/homebrew/Cellar/ollama/0.31.1/libexec/lib/ollama/llama-server
1783330491,62829,10.4,1864.5,/opt/homebrew/Cellar/ollama/0.31.1/libexec/lib/ollama/llama-server
1783330493,58925,0.8,16.3,/opt/homebrew/opt/ollama/bin/ollama
1783330493,60034,0.0,11.2,/opt/homebrew/Cellar/ollama/0.31.1/libexec/lib/ollama/llama-server
1783330493,62829,10.3,1864.5,/opt/homebrew/Cellar/ollama/0.31.1/libexec/lib/ollama/llama-server
1783330495,58925,0.6,16.4,/opt/homebrew/opt/ollama/bin/ollama
1783330495,60034,0.0,11.2,/opt/homebrew/Cellar/ollama/0.31.1/libexec/lib/ollama/llama-server
1783330495,62829,10.6,1864.9,/opt/homebrew/Cellar/ollama/0.31.1/libexec/lib/ollama/llama-server
1783330497,58925,0.8,16.6,/opt/homebrew/opt/ollama/bin/ollama
1783330497,60034,0.0,11.2,/opt/homebrew/Cellar/ollama/0.31.1/libexec/lib/ollama/llama-server
1783330497,62829,10.8,1865.2,/opt/homebrew/Cellar/ollama/0.31.1/libexec/lib/ollama/llama-server
1783330499,58925,0.6,16.7,/opt/homebrew/opt/ollama/bin/ollama
1783330499,60034,0.0,11.2,/opt/homebrew/Cellar/ollama/0.31.1/libexec/lib/ollama/llama-server
1783330499,62829,10.1,1865.2,/opt/homebrew/Cellar/ollama/0.31.1/libexec/lib/ollama/llama-server
1783330501,58925,0.6,16.8,/opt/homebrew/opt/ollama/bin/ollama
1783330501,60034,0.0,11.2,/opt/homebrew/Cellar/ollama/0.31.1/libexec/lib/ollama/llama-server
1783330501,62829,10.1,1865.2,/opt/homebrew/Cellar/ollama/0.31.1/libexec/lib/ollama/llama-server
1783330503,58925,0.7,16.9,/opt/homebrew/opt/ollama/bin/ollama
1783330503,60034,0.0,11.2,/opt/homebrew/Cellar/ollama/0.31.1/libexec/lib/ollama/llama-server
1783330503,62829,10.0,1865.2,/opt/homebrew/Cellar/ollama/0.31.1/libexec/lib/ollama/llama-server
1783330505,58925,0.8,17.1,/opt/homebrew/opt/ollama/bin/ollama
1783330505,60034,0.0,11.2,/opt/homebrew/Cellar/ollama/0.31.1/libexec/lib/ollama/llama-server
1783330505,62829,10.6,1865.2,/opt/homebrew/Cellar/ollama/0.31.1/libexec/lib/ollama/llama-server
1783330507,58925,0.6,17.2,/opt/homebrew/opt/ollama/bin/ollama
1783330507,60034,0.0,11.2,/opt/homebrew/Cellar/ollama/0.31.1/libexec/lib/ollama/llama-server
1783330507,62829,10.1,1865.2,/opt/homebrew/Cellar/ollama/0.31.1/libexec/lib/ollama/llama-server
1783330509,58925,0.6,16.1,/opt/homebrew/opt/ollama/bin/ollama
1783330509,60034,0.0,11.2,/opt/homebrew/Cellar/ollama/0.31.1/libexec/lib/ollama/llama-server
1783330509,62829,10.3,1864.9,/opt/homebrew/Cellar/ollama/0.31.1/libexec/lib/ollama/llama-server
1783330511,58925,0.6,16.5,/opt/homebrew/opt/ollama/bin/ollama
1783330511,60034,0.0,11.2,/opt/homebrew/Cellar/ollama/0.31.1/libexec/lib/ollama/llama-server
1783330511,62829,9.7,1865.0,/opt/homebrew/Cellar/ollama/0.31.1/libexec/lib/ollama/llama-server
1783330513,58925,0.8,16.8,/opt/homebrew/opt/ollama/bin/ollama
1783330513,60034,0.0,11.2,/opt/homebrew/Cellar/ollama/0.31.1/libexec/lib/ollama/llama-server
1783330513,62829,10.4,1865.0,/opt/homebrew/Cellar/ollama/0.31.1/libexec/lib/ollama/llama-server
1783330516,58925,0.6,16.9,/opt/homebrew/opt/ollama/bin/ollama
1783330516,60034,0.0,11.2,/opt/homebrew/Cellar/ollama/0.31.1/libexec/lib/ollama/llama-server
1783330516,62829,10.3,1865.0,/opt/homebrew/Cellar/ollama/0.31.1/libexec/lib/ollama/llama-server
1783330518,58925,0.6,17.0,/opt/homebrew/opt/ollama/bin/ollama
1783330518,60034,0.0,11.2,/opt/homebrew/Cellar/ollama/0.31.1/libexec/lib/ollama/llama-server
1783330518,62829,10.0,1865.0,/opt/homebrew/Cellar/ollama/0.31.1/libexec/lib/ollama/llama-server
1783330520,58925,0.6,17.1,/opt/homebrew/opt/ollama/bin/ollama
1783330520,60034,0.0,11.2,/opt/homebrew/Cellar/ollama/0.31.1/libexec/lib/ollama/llama-server
1783330520,62829,9.9,1865.0,/opt/homebrew/Cellar/ollama/0.31.1/libexec/lib/ollama/llama-server
1783330522,58925,0.6,17.0,/opt/homebrew/opt/ollama/bin/ollama
1783330522,60034,0.0,11.2,/opt/homebrew/Cellar/ollama/0.31.1/libexec/lib/ollama/llama-server
1783330522,62829,9.6,1864.9,/opt/homebrew/Cellar/ollama/0.31.1/libexec/lib/ollama/llama-server
1783330524,58925,0.8,17.0,/opt/homebrew/opt/ollama/bin/ollama
1783330524,60034,0.0,11.2,/opt/homebrew/Cellar/ollama/0.31.1/libexec/lib/ollama/llama-server
1783330524,62829,10.9,1865.6,/opt/homebrew/Cellar/ollama/0.31.1/libexec/lib/ollama/llama-server
1783330526,58925,0.9,17.1,/opt/homebrew/opt/ollama/bin/ollama
1783330526,60034,0.0,11.2,/opt/homebrew/Cellar/ollama/0.31.1/libexec/lib/ollama/llama-server
1783330526,62829,10.9,1865.6,/opt/homebrew/Cellar/ollama/0.31.1/libexec/lib/ollama/llama-server
1783330528,58925,0.7,17.1,/opt/homebrew/opt/ollama/bin/ollama
1783330528,60034,0.0,11.2,/opt/homebrew/Cellar/ollama/0.31.1/libexec/lib/ollama/llama-server
1783330528,62829,11.1,1865.5,/opt/homebrew/Cellar/ollama/0.31.1/libexec/lib/ollama/llama-server
1783330530,58925,0.7,17.2,/opt/homebrew/opt/ollama/bin/ollama
1783330530,60034,0.0,11.2,/opt/homebrew/Cellar/ollama/0.31.1/libexec/lib/ollama/llama-server
1783330530,62829,10.6,1865.5,/opt/homebrew/Cellar/ollama/0.31.1/libexec/lib/ollama/llama-server
1783330532,58925,0.6,17.2,/opt/homebrew/opt/ollama/bin/ollama
1783330532,60034,0.0,11.2,/opt/homebrew/Cellar/ollama/0.31.1/libexec/lib/ollama/llama-server
1783330532,62829,10.4,1865.5,/opt/homebrew/Cellar/ollama/0.31.1/libexec/lib/ollama/llama-server
1783330534,58925,0.7,17.0,/opt/homebrew/opt/ollama/bin/ollama
1783330534,60034,0.0,11.2,/opt/homebrew/Cellar/ollama/0.31.1/libexec/lib/ollama/llama-server
1783330534,62829,10.4,1865.5,/opt/homebrew/Cellar/ollama/0.31.1/libexec/lib/ollama/llama-server
1783330536,58925,0.6,16.9,/opt/homebrew/opt/ollama/bin/ollama
1783330536,60034,0.0,11.2,/opt/homebrew/Cellar/ollama/0.31.1/libexec/lib/ollama/llama-server
1783330536,62829,10.3,1865.5,/opt/homebrew/Cellar/ollama/0.31.1/libexec/lib/ollama/llama-server
1783330538,58925,0.7,16.9,/opt/homebrew/opt/ollama/bin/ollama
1783330538,60034,0.0,11.2,/opt/homebrew/Cellar/ollama/0.31.1/libexec/lib/ollama/llama-server
1783330538,62829,10.1,1865.3,/opt/homebrew/Cellar/ollama/0.31.1/libexec/lib/ollama/llama-server
1783330540,58925,0.7,16.7,/opt/homebrew/opt/ollama/bin/ollama
1783330540,60034,0.0,11.2,/opt/homebrew/Cellar/ollama/0.31.1/libexec/lib/ollama/llama-server
1783330540,62829,10.3,1865.3,/opt/homebrew/Cellar/ollama/0.31.1/libexec/lib/ollama/llama-server
1783330542,58925,0.6,16.8,/opt/homebrew/opt/ollama/bin/ollama
1783330542,60034,0.0,11.2,/opt/homebrew/Cellar/ollama/0.31.1/libexec/lib/ollama/llama-server
1783330542,62829,10.0,1865.3,/opt/homebrew/Cellar/ollama/0.31.1/libexec/lib/ollama/llama-server
1783330544,58925,0.3,18.3,/opt/homebrew/opt/ollama/bin/ollama
1783330544,60034,0.0,11.2,/opt/homebrew/Cellar/ollama/0.31.1/libexec/lib/ollama/llama-server
1783330544,62829,9.4,2426.4,/opt/homebrew/Cellar/ollama/0.31.1/libexec/lib/ollama/llama-server
1783330546,58925,0.6,17.2,/opt/homebrew/opt/ollama/bin/ollama
1783330546,60034,0.0,11.0,/opt/homebrew/Cellar/ollama/0.31.1/libexec/lib/ollama/llama-server
1783330546,62829,14.9,2183.0,/opt/homebrew/Cellar/ollama/0.31.1/libexec/lib/ollama/llama-server
1783330548,58925,12.5,33.4,/opt/homebrew/opt/ollama/bin/ollama
1783330548,60034,0.0,11.2,/opt/homebrew/Cellar/ollama/0.31.1/libexec/lib/ollama/llama-server
1783330548,62829,1.6,2180.2,/opt/homebrew/Cellar/ollama/0.31.1/libexec/lib/ollama/llama-server
1783330550,58925,0.7,33.6,/opt/homebrew/opt/ollama/bin/ollama
1783330550,60034,0.0,11.2,/opt/homebrew/Cellar/ollama/0.31.1/libexec/lib/ollama/llama-server
1783330550,62829,8.6,2120.1,/opt/homebrew/Cellar/ollama/0.31.1/libexec/lib/ollama/llama-server
1783330552,58925,0.5,29.7,/opt/homebrew/opt/ollama/bin/ollama
1783330552,60034,0.0,11.2,/opt/homebrew/Cellar/ollama/0.31.1/libexec/lib/ollama/llama-server
1783330552,62829,7.6,1885.4,/opt/homebrew/Cellar/ollama/0.31.1/libexec/lib/ollama/llama-server
1783330554,58925,0.5,29.8,/opt/homebrew/opt/ollama/bin/ollama
1783330554,60034,0.0,11.2,/opt/homebrew/Cellar/ollama/0.31.1/libexec/lib/ollama/llama-server
1783330554,62829,8.3,1886.2,/opt/homebrew/Cellar/ollama/0.31.1/libexec/lib/ollama/llama-server
1783330556,58925,0.5,29.8,/opt/homebrew/opt/ollama/bin/ollama
1783330556,60034,0.0,11.2,/opt/homebrew/Cellar/ollama/0.31.1/libexec/lib/ollama/llama-server
1783330556,62829,8.3,1886.2,/opt/homebrew/Cellar/ollama/0.31.1/libexec/lib/ollama/llama-server
1783330558,58925,0.4,29.8,/opt/homebrew/opt/ollama/bin/ollama
1783330558,60034,0.0,11.2,/opt/homebrew/Cellar/ollama/0.31.1/libexec/lib/ollama/llama-server
1783330558,62829,7.8,1886.3,/opt/homebrew/Cellar/ollama/0.31.1/libexec/lib/ollama/llama-server
1783330561,58925,0.6,29.8,/opt/homebrew/opt/ollama/bin/ollama
1783330561,60034,0.0,11.2,/opt/homebrew/Cellar/ollama/0.31.1/libexec/lib/ollama/llama-server
1783330561,62829,8.6,1886.4,/opt/homebrew/Cellar/ollama/0.31.1/libexec/lib/ollama/llama-server
1783330563,58925,0.6,35.1,/opt/homebrew/opt/ollama/bin/ollama
1783330563,60034,0.0,11.2,/opt/homebrew/Cellar/ollama/0.31.1/libexec/lib/ollama/llama-server
1783330563,62829,8.5,2179.3,/opt/homebrew/Cellar/ollama/0.31.1/libexec/lib/ollama/llama-server
1783330565,58925,0.6,35.1,/opt/homebrew/opt/ollama/bin/ollama
1783330565,60034,0.0,11.2,/opt/homebrew/Cellar/ollama/0.31.1/libexec/lib/ollama/llama-server
1783330565,62829,8.9,2179.3,/opt/homebrew/Cellar/ollama/0.31.1/libexec/lib/ollama/llama-server
1783330567,58925,0.6,35.1,/opt/homebrew/opt/ollama/bin/ollama
1783330567,60034,0.0,11.2,/opt/homebrew/Cellar/ollama/0.31.1/libexec/lib/ollama/llama-server
1783330567,62829,8.8,2179.3,/opt/homebrew/Cellar/ollama/0.31.1/libexec/lib/ollama/llama-server
1783330569,58925,0.5,35.1,/opt/homebrew/opt/ollama/bin/ollama
1783330569,60034,0.0,11.2,/opt/homebrew/Cellar/ollama/0.31.1/libexec/lib/ollama/llama-server
1783330569,62829,8.1,2179.3,/opt/homebrew/Cellar/ollama/0.31.1/libexec/lib/ollama/llama-server
1783330571,58925,0.6,20.3,/opt/homebrew/opt/ollama/bin/ollama
1783330571,60034,0.0,11.2,/opt/homebrew/Cellar/ollama/0.31.1/libexec/lib/ollama/llama-server
1783330571,62829,7.7,2049.6,/opt/homebrew/Cellar/ollama/0.31.1/libexec/lib/ollama/llama-server
1783330573,58925,0.8,18.1,/opt/homebrew/opt/ollama/bin/ollama
1783330573,60034,0.0,11.2,/opt/homebrew/Cellar/ollama/0.31.1/libexec/lib/ollama/llama-server
1783330573,62829,10.5,2042.8,/opt/homebrew/Cellar/ollama/0.31.1/libexec/lib/ollama/llama-server
1783330575,58925,0.4,18.1,/opt/homebrew/opt/ollama/bin/ollama
1783330575,60034,0.0,11.2,/opt/homebrew/Cellar/ollama/0.31.1/libexec/lib/ollama/llama-server
1783330575,62829,7.7,2042.5,/opt/homebrew/Cellar/ollama/0.31.1/libexec/lib/ollama/llama-server
1783330577,58925,0.4,17.8,/opt/homebrew/opt/ollama/bin/ollama
1783330577,60034,0.0,11.2,/opt/homebrew/Cellar/ollama/0.31.1/libexec/lib/ollama/llama-server
1783330577,62829,7.9,2042.3,/opt/homebrew/Cellar/ollama/0.31.1/libexec/lib/ollama/llama-server
1783330579,58925,12.3,31.7,/opt/homebrew/opt/ollama/bin/ollama
1783330579,60034,0.0,11.2,/opt/homebrew/Cellar/ollama/0.31.1/libexec/lib/ollama/llama-server
1783330579,62829,4.5,2285.9,/opt/homebrew/Cellar/ollama/0.31.1/libexec/lib/ollama/llama-server
1783330581,58925,2.6,32.6,/opt/homebrew/opt/ollama/bin/ollama
1783330581,60034,0.0,11.2,/opt/homebrew/Cellar/ollama/0.31.1/libexec/lib/ollama/llama-server
1783330581,62829,9.1,2314.0,/opt/homebrew/Cellar/ollama/0.31.1/libexec/lib/ollama/llama-server
1783330583,58925,0.4,32.9,/opt/homebrew/opt/ollama/bin/ollama
1783330583,60034,0.0,11.2,/opt/homebrew/Cellar/ollama/0.31.1/libexec/lib/ollama/llama-server
1783330583,62829,8.3,2617.8,/opt/homebrew/Cellar/ollama/0.31.1/libexec/lib/ollama/llama-server
1783330585,58925,0.4,32.9,/opt/homebrew/opt/ollama/bin/ollama
1783330585,60034,0.0,11.2,/opt/homebrew/Cellar/ollama/0.31.1/libexec/lib/ollama/llama-server
1783330585,62829,7.8,2409.9,/opt/homebrew/Cellar/ollama/0.31.1/libexec/lib/ollama/llama-server
1783330587,58925,0.4,32.9,/opt/homebrew/opt/ollama/bin/ollama
1783330587,60034,0.0,11.2,/opt/homebrew/Cellar/ollama/0.31.1/libexec/lib/ollama/llama-server
1783330587,62829,7.8,2410.0,/opt/homebrew/Cellar/ollama/0.31.1/libexec/lib/ollama/llama-server
1783330589,58925,0.9,33.0,/opt/homebrew/opt/ollama/bin/ollama
1783330589,60034,0.0,11.2,/opt/homebrew/Cellar/ollama/0.31.1/libexec/lib/ollama/llama-server
1783330589,62829,8.2,2410.1,/opt/homebrew/Cellar/ollama/0.31.1/libexec/lib/ollama/llama-server
1783330591,58925,0.5,29.0,/opt/homebrew/opt/ollama/bin/ollama
1783330591,60034,0.0,11.2,/opt/homebrew/Cellar/ollama/0.31.1/libexec/lib/ollama/llama-server
1783330591,62829,8.1,2273.0,/opt/homebrew/Cellar/ollama/0.31.1/libexec/lib/ollama/llama-server
1783330593,58925,0.4,29.0,/opt/homebrew/opt/ollama/bin/ollama
1783330593,60034,0.0,11.2,/opt/homebrew/Cellar/ollama/0.31.1/libexec/lib/ollama/llama-server
1783330593,62829,7.5,2273.0,/opt/homebrew/Cellar/ollama/0.31.1/libexec/lib/ollama/llama-server
1783330595,58925,0.3,29.0,/opt/homebrew/opt/ollama/bin/ollama
1783330595,60034,0.0,11.2,/opt/homebrew/Cellar/ollama/0.31.1/libexec/lib/ollama/llama-server
1783330595,62829,7.9,2273.1,/opt/homebrew/Cellar/ollama/0.31.1/libexec/lib/ollama/llama-server
1783330597,58925,0.4,29.0,/opt/homebrew/opt/ollama/bin/ollama
1783330597,60034,0.0,11.2,/opt/homebrew/Cellar/ollama/0.31.1/libexec/lib/ollama/llama-server
1783330597,62829,7.6,2125.0,/opt/homebrew/Cellar/ollama/0.31.1/libexec/lib/ollama/llama-server
1783330599,58925,0.4,28.4,/opt/homebrew/opt/ollama/bin/ollama
1783330599,60034,0.0,11.2,/opt/homebrew/Cellar/ollama/0.31.1/libexec/lib/ollama/llama-server
1783330599,62829,7.7,2123.5,/opt/homebrew/Cellar/ollama/0.31.1/libexec/lib/ollama/llama-server
1783330602,58925,0.4,28.4,/opt/homebrew/opt/ollama/bin/ollama
1783330602,60034,0.0,11.2,/opt/homebrew/Cellar/ollama/0.31.1/libexec/lib/ollama/llama-server
1783330602,62829,7.9,2123.6,/opt/homebrew/Cellar/ollama/0.31.1/libexec/lib/ollama/llama-server
1783330604,58925,0.4,28.5,/opt/homebrew/opt/ollama/bin/ollama
1783330604,60034,0.0,11.2,/opt/homebrew/Cellar/ollama/0.31.1/libexec/lib/ollama/llama-server
1783330604,62829,7.7,2123.6,/opt/homebrew/Cellar/ollama/0.31.1/libexec/lib/ollama/llama-server
1783330606,58925,0.5,28.5,/opt/homebrew/opt/ollama/bin/ollama
1783330606,60034,0.0,11.2,/opt/homebrew/Cellar/ollama/0.31.1/libexec/lib/ollama/llama-server
1783330606,62829,8.0,2123.6,/opt/homebrew/Cellar/ollama/0.31.1/libexec/lib/ollama/llama-server
1783330608,58925,0.3,28.5,/opt/homebrew/opt/ollama/bin/ollama
1783330608,60034,0.0,11.2,/opt/homebrew/Cellar/ollama/0.31.1/libexec/lib/ollama/llama-server
1783330608,62829,7.4,2123.6,/opt/homebrew/Cellar/ollama/0.31.1/libexec/lib/ollama/llama-server
1783330610,58925,0.4,28.6,/opt/homebrew/opt/ollama/bin/ollama
1783330610,60034,0.0,11.2,/opt/homebrew/Cellar/ollama/0.31.1/libexec/lib/ollama/llama-server
1783330610,62829,7.4,2123.6,/opt/homebrew/Cellar/ollama/0.31.1/libexec/lib/ollama/llama-server
1783330612,58925,0.4,28.5,/opt/homebrew/opt/ollama/bin/ollama
1783330612,60034,0.0,11.2,/opt/homebrew/Cellar/ollama/0.31.1/libexec/lib/ollama/llama-server
1783330612,62829,7.4,2123.5,/opt/homebrew/Cellar/ollama/0.31.1/libexec/lib/ollama/llama-server
1783330614,58925,0.4,28.6,/opt/homebrew/opt/ollama/bin/ollama
1783330614,60034,0.0,11.2,/opt/homebrew/Cellar/ollama/0.31.1/libexec/lib/ollama/llama-server
1783330614,62829,7.6,2123.5,/opt/homebrew/Cellar/ollama/0.31.1/libexec/lib/ollama/llama-server
1783330616,58925,0.4,28.5,/opt/homebrew/opt/ollama/bin/ollama
1783330616,60034,0.0,11.2,/opt/homebrew/Cellar/ollama/0.31.1/libexec/lib/ollama/llama-server
1783330616,62829,8.2,2124.5,/opt/homebrew/Cellar/ollama/0.31.1/libexec/lib/ollama/llama-server
1783330618,58925,1.1,17.2,/opt/homebrew/opt/ollama/bin/ollama
1783330618,60034,0.0,11.1,/opt/homebrew/Cellar/ollama/0.31.1/libexec/lib/ollama/llama-server
1783330618,62829,16.8,2113.6,/opt/homebrew/Cellar/ollama/0.31.1/libexec/lib/ollama/llama-server
1783330620,58925,0.6,15.3,/opt/homebrew/opt/ollama/bin/ollama
1783330620,60034,0.0,11.2,/opt/homebrew/Cellar/ollama/0.31.1/libexec/lib/ollama/llama-server
1783330620,62829,8.6,1871.7,/opt/homebrew/Cellar/ollama/0.31.1/libexec/lib/ollama/llama-server
1783330622,58925,0.5,15.7,/opt/homebrew/opt/ollama/bin/ollama
1783330622,60034,0.0,11.2,/opt/homebrew/Cellar/ollama/0.31.1/libexec/lib/ollama/llama-server
1783330622,62829,8.4,1871.8,/opt/homebrew/Cellar/ollama/0.31.1/libexec/lib/ollama/llama-server
1783330624,58925,0.5,15.9,/opt/homebrew/opt/ollama/bin/ollama
1783330624,60034,0.0,11.2,/opt/homebrew/Cellar/ollama/0.31.1/libexec/lib/ollama/llama-server
1783330624,62829,8.5,1871.8,/opt/homebrew/Cellar/ollama/0.31.1/libexec/lib/ollama/llama-server
1783330626,58925,0.5,16.1,/opt/homebrew/opt/ollama/bin/ollama
1783330626,60034,0.0,11.2,/opt/homebrew/Cellar/ollama/0.31.1/libexec/lib/ollama/llama-server
1783330626,62829,8.9,1871.9,/opt/homebrew/Cellar/ollama/0.31.1/libexec/lib/ollama/llama-server
1783330628,58925,0.4,16.2,/opt/homebrew/opt/ollama/bin/ollama
1783330628,60034,0.0,11.2,/opt/homebrew/Cellar/ollama/0.31.1/libexec/lib/ollama/llama-server
1783330628,62829,8.2,1871.9,/opt/homebrew/Cellar/ollama/0.31.1/libexec/lib/ollama/llama-server
1783330630,58925,0.3,16.3,/opt/homebrew/opt/ollama/bin/ollama
1783330630,60034,0.0,11.2,/opt/homebrew/Cellar/ollama/0.31.1/libexec/lib/ollama/llama-server
1783330630,62829,7.9,1871.9,/opt/homebrew/Cellar/ollama/0.31.1/libexec/lib/ollama/llama-server
1783330632,58925,0.5,16.5,/opt/homebrew/opt/ollama/bin/ollama
1783330632,60034,0.0,11.2,/opt/homebrew/Cellar/ollama/0.31.1/libexec/lib/ollama/llama-server
1783330632,62829,8.1,1871.9,/opt/homebrew/Cellar/ollama/0.31.1/libexec/lib/ollama/llama-server
1783330634,58925,0.5,16.5,/opt/homebrew/opt/ollama/bin/ollama
1783330634,60034,0.0,11.2,/opt/homebrew/Cellar/ollama/0.31.1/libexec/lib/ollama/llama-server
1783330634,62829,7.9,1870.5,/opt/homebrew/Cellar/ollama/0.31.1/libexec/lib/ollama/llama-server
1783330636,58925,0.5,16.6,/opt/homebrew/opt/ollama/bin/ollama
1783330636,60034,0.0,11.2,/opt/homebrew/Cellar/ollama/0.31.1/libexec/lib/ollama/llama-server
1783330636,62829,8.3,1870.5,/opt/homebrew/Cellar/ollama/0.31.1/libexec/lib/ollama/llama-server
1783330638,58925,0.6,16.8,/opt/homebrew/opt/ollama/bin/ollama
1783330638,60034,0.0,11.2,/opt/homebrew/Cellar/ollama/0.31.1/libexec/lib/ollama/llama-server
1783330638,62829,8.3,1870.5,/opt/homebrew/Cellar/ollama/0.31.1/libexec/lib/ollama/llama-server
1783330640,58925,0.6,16.1,/opt/homebrew/opt/ollama/bin/ollama
1783330640,60034,0.0,11.2,/opt/homebrew/Cellar/ollama/0.31.1/libexec/lib/ollama/llama-server
1783330640,62829,10.2,1869.4,/opt/homebrew/Cellar/ollama/0.31.1/libexec/lib/ollama/llama-server
1783330642,58925,0.6,15.2,/opt/homebrew/opt/ollama/bin/ollama
1783330642,60034,0.0,11.2,/opt/homebrew/Cellar/ollama/0.31.1/libexec/lib/ollama/llama-server
1783330642,62829,7.7,1869.0,/opt/homebrew/Cellar/ollama/0.31.1/libexec/lib/ollama/llama-server
1783330644,58925,0.3,15.3,/opt/homebrew/opt/ollama/bin/ollama
1783330644,60034,0.0,11.2,/opt/homebrew/Cellar/ollama/0.31.1/libexec/lib/ollama/llama-server
1783330644,62829,7.5,1869.3,/opt/homebrew/Cellar/ollama/0.31.1/libexec/lib/ollama/llama-server
1783330647,58925,0.4,15.4,/opt/homebrew/opt/ollama/bin/ollama
1783330647,60034,0.0,11.2,/opt/homebrew/Cellar/ollama/0.31.1/libexec/lib/ollama/llama-server
1783330647,62829,7.7,1869.4,/opt/homebrew/Cellar/ollama/0.31.1/libexec/lib/ollama/llama-server
1783330649,58925,0.4,15.4,/opt/homebrew/opt/ollama/bin/ollama
1783330649,60034,0.0,11.2,/opt/homebrew/Cellar/ollama/0.31.1/libexec/lib/ollama/llama-server
1783330649,62829,7.5,1869.4,/opt/homebrew/Cellar/ollama/0.31.1/libexec/lib/ollama/llama-server
1783330651,58925,0.4,15.6,/opt/homebrew/opt/ollama/bin/ollama
1783330651,60034,0.0,11.2,/opt/homebrew/Cellar/ollama/0.31.1/libexec/lib/ollama/llama-server
1783330651,62829,8.4,1871.0,/opt/homebrew/Cellar/ollama/0.31.1/libexec/lib/ollama/llama-server
1783330653,58925,0.3,15.7,/opt/homebrew/opt/ollama/bin/ollama
1783330653,60034,0.0,11.2,/opt/homebrew/Cellar/ollama/0.31.1/libexec/lib/ollama/llama-server
1783330653,62829,8.2,1871.0,/opt/homebrew/Cellar/ollama/0.31.1/libexec/lib/ollama/llama-server
1783330655,58925,0.4,15.8,/opt/homebrew/opt/ollama/bin/ollama
1783330655,60034,0.0,11.2,/opt/homebrew/Cellar/ollama/0.31.1/libexec/lib/ollama/llama-server
1783330655,62829,8.1,1871.0,/opt/homebrew/Cellar/ollama/0.31.1/libexec/lib/ollama/llama-server
1783330657,58925,0.4,16.0,/opt/homebrew/opt/ollama/bin/ollama
1783330657,60034,0.0,11.2,/opt/homebrew/Cellar/ollama/0.31.1/libexec/lib/ollama/llama-server
1783330657,62829,7.9,1871.0,/opt/homebrew/Cellar/ollama/0.31.1/libexec/lib/ollama/llama-server
1783330659,58925,0.4,25.4,/opt/homebrew/opt/ollama/bin/ollama
1783330659,60034,0.0,11.2,/opt/homebrew/Cellar/ollama/0.31.1/libexec/lib/ollama/llama-server
1783330659,62829,7.8,1871.1,/opt/homebrew/Cellar/ollama/0.31.1/libexec/lib/ollama/llama-server
1783330661,58925,0.4,25.4,/opt/homebrew/opt/ollama/bin/ollama
1783330661,60034,0.0,11.2,/opt/homebrew/Cellar/ollama/0.31.1/libexec/lib/ollama/llama-server
1783330661,62829,8.1,1871.1,/opt/homebrew/Cellar/ollama/0.31.1/libexec/lib/ollama/llama-server
1783330663,58925,0.4,25.5,/opt/homebrew/opt/ollama/bin/ollama
1783330663,60034,0.0,11.2,/opt/homebrew/Cellar/ollama/0.31.1/libexec/lib/ollama/llama-server
1783330663,62829,8.2,1871.1,/opt/homebrew/Cellar/ollama/0.31.1/libexec/lib/ollama/llama-server
1783330665,58925,0.4,25.5,/opt/homebrew/opt/ollama/bin/ollama
1783330665,60034,0.0,11.2,/opt/homebrew/Cellar/ollama/0.31.1/libexec/lib/ollama/llama-server
1783330665,62829,8.4,1871.2,/opt/homebrew/Cellar/ollama/0.31.1/libexec/lib/ollama/llama-server
1783330667,58925,0.4,25.6,/opt/homebrew/opt/ollama/bin/ollama
1783330667,60034,0.0,11.2,/opt/homebrew/Cellar/ollama/0.31.1/libexec/lib/ollama/llama-server
1783330667,62829,8.0,1871.2,/opt/homebrew/Cellar/ollama/0.31.1/libexec/lib/ollama/llama-server
1783330669,58925,0.9,24.6,/opt/homebrew/opt/ollama/bin/ollama
1783330669,60034,0.0,11.0,/opt/homebrew/Cellar/ollama/0.31.1/libexec/lib/ollama/llama-server
1783330669,62829,14.6,1870.5,/opt/homebrew/Cellar/ollama/0.31.1/libexec/lib/ollama/llama-server
1783330671,58925,0.4,24.5,/opt/homebrew/opt/ollama/bin/ollama
1783330671,60034,0.0,11.2,/opt/homebrew/Cellar/ollama/0.31.1/libexec/lib/ollama/llama-server
1783330671,62829,7.6,1870.5,/opt/homebrew/Cellar/ollama/0.31.1/libexec/lib/ollama/llama-server
1783330673,58925,0.5,15.1,/opt/homebrew/opt/ollama/bin/ollama
1783330673,60034,0.0,11.2,/opt/homebrew/Cellar/ollama/0.31.1/libexec/lib/ollama/llama-server
1783330673,62829,7.9,1869.3,/opt/homebrew/Cellar/ollama/0.31.1/libexec/lib/ollama/llama-server
1783330675,58925,0.5,15.4,/opt/homebrew/opt/ollama/bin/ollama
1783330675,60034,0.0,11.2,/opt/homebrew/Cellar/ollama/0.31.1/libexec/lib/ollama/llama-server
1783330675,62829,7.9,1869.2,/opt/homebrew/Cellar/ollama/0.31.1/libexec/lib/ollama/llama-server
1783330677,58925,0.3,15.2,/opt/homebrew/opt/ollama/bin/ollama
1783330677,60034,0.0,11.2,/opt/homebrew/Cellar/ollama/0.31.1/libexec/lib/ollama/llama-server
1783330677,62829,7.0,1869.2,/opt/homebrew/Cellar/ollama/0.31.1/libexec/lib/ollama/llama-server
1783330679,58925,0.4,15.4,/opt/homebrew/opt/ollama/bin/ollama
1783330679,60034,0.0,11.2,/opt/homebrew/Cellar/ollama/0.31.1/libexec/lib/ollama/llama-server
1783330679,62829,7.5,1869.3,/opt/homebrew/Cellar/ollama/0.31.1/libexec/lib/ollama/llama-server
1783330681,58925,0.3,15.5,/opt/homebrew/opt/ollama/bin/ollama
1783330681,60034,0.0,11.2,/opt/homebrew/Cellar/ollama/0.31.1/libexec/lib/ollama/llama-server
1783330681,62829,7.3,1869.3,/opt/homebrew/Cellar/ollama/0.31.1/libexec/lib/ollama/llama-server
1783330683,58925,0.5,15.2,/opt/homebrew/opt/ollama/bin/ollama
1783330683,60034,0.0,11.0,/opt/homebrew/Cellar/ollama/0.31.1/libexec/lib/ollama/llama-server
1783330683,62829,6.1,1869.1,/opt/homebrew/Cellar/ollama/0.31.1/libexec/lib/ollama/llama-server
1783330685,58925,0.6,14.8,/opt/homebrew/opt/ollama/bin/ollama
1783330685,60034,0.0,11.1,/opt/homebrew/Cellar/ollama/0.31.1/libexec/lib/ollama/llama-server
1783330685,62829,8.3,1870.0,/opt/homebrew/Cellar/ollama/0.31.1/libexec/lib/ollama/llama-server
1783330687,58925,0.4,15.2,/opt/homebrew/opt/ollama/bin/ollama
1783330687,60034,0.0,11.1,/opt/homebrew/Cellar/ollama/0.31.1/libexec/lib/ollama/llama-server
1783330687,62829,8.3,1870.3,/opt/homebrew/Cellar/ollama/0.31.1/libexec/lib/ollama/llama-server
1783330690,58925,0.4,15.4,/opt/homebrew/opt/ollama/bin/ollama
1783330690,60034,0.0,11.2,/opt/homebrew/Cellar/ollama/0.31.1/libexec/lib/ollama/llama-server
1783330690,62829,8.3,1870.5,/opt/homebrew/Cellar/ollama/0.31.1/libexec/lib/ollama/llama-server
1783330692,58925,0.4,15.9,/opt/homebrew/opt/ollama/bin/ollama
1783330692,60034,0.0,11.2,/opt/homebrew/Cellar/ollama/0.31.1/libexec/lib/ollama/llama-server
1783330692,62829,8.4,1870.5,/opt/homebrew/Cellar/ollama/0.31.1/libexec/lib/ollama/llama-server
1783330694,58925,0.5,16.0,/opt/homebrew/opt/ollama/bin/ollama
1783330694,60034,0.0,11.2,/opt/homebrew/Cellar/ollama/0.31.1/libexec/lib/ollama/llama-server
1783330694,62829,8.0,1870.5,/opt/homebrew/Cellar/ollama/0.31.1/libexec/lib/ollama/llama-server
1783330696,58925,0.4,16.2,/opt/homebrew/opt/ollama/bin/ollama
1783330696,60034,0.0,11.2,/opt/homebrew/Cellar/ollama/0.31.1/libexec/lib/ollama/llama-server
1783330696,62829,8.3,1870.6,/opt/homebrew/Cellar/ollama/0.31.1/libexec/lib/ollama/llama-server
1783330698,58925,0.5,16.3,/opt/homebrew/opt/ollama/bin/ollama
1783330698,60034,0.0,11.2,/opt/homebrew/Cellar/ollama/0.31.1/libexec/lib/ollama/llama-server
1783330698,62829,8.2,1870.6,/opt/homebrew/Cellar/ollama/0.31.1/libexec/lib/ollama/llama-server
1783330700,58925,0.5,16.5,/opt/homebrew/opt/ollama/bin/ollama
1783330700,60034,0.0,11.2,/opt/homebrew/Cellar/ollama/0.31.1/libexec/lib/ollama/llama-server
1783330700,62829,8.5,1870.6,/opt/homebrew/Cellar/ollama/0.31.1/libexec/lib/ollama/llama-server
1783330702,58925,0.4,16.6,/opt/homebrew/opt/ollama/bin/ollama
1783330702,60034,0.0,11.2,/opt/homebrew/Cellar/ollama/0.31.1/libexec/lib/ollama/llama-server
1783330702,62829,8.2,1870.7,/opt/homebrew/Cellar/ollama/0.31.1/libexec/lib/ollama/llama-server
1783330704,58925,0.4,16.7,/opt/homebrew/opt/ollama/bin/ollama
1783330704,60034,0.0,11.2,/opt/homebrew/Cellar/ollama/0.31.1/libexec/lib/ollama/llama-server
1783330704,62829,8.1,1870.7,/opt/homebrew/Cellar/ollama/0.31.1/libexec/lib/ollama/llama-server
1783330706,58925,0.4,16.8,/opt/homebrew/opt/ollama/bin/ollama
1783330706,60034,0.0,11.2,/opt/homebrew/Cellar/ollama/0.31.1/libexec/lib/ollama/llama-server
1783330706,62829,8.0,1870.8,/opt/homebrew/Cellar/ollama/0.31.1/libexec/lib/ollama/llama-server
1783330708,58925,0.4,16.9,/opt/homebrew/opt/ollama/bin/ollama
1783330708,60034,0.0,11.2,/opt/homebrew/Cellar/ollama/0.31.1/libexec/lib/ollama/llama-server
1783330708,62829,8.2,1870.8,/opt/homebrew/Cellar/ollama/0.31.1/libexec/lib/ollama/llama-server
1783330710,58925,0.4,17.1,/opt/homebrew/opt/ollama/bin/ollama
1783330710,60034,0.0,11.2,/opt/homebrew/Cellar/ollama/0.31.1/libexec/lib/ollama/llama-server
1783330710,62829,7.8,1870.8,/opt/homebrew/Cellar/ollama/0.31.1/libexec/lib/ollama/llama-server
1783330712,58925,0.4,17.2,/opt/homebrew/opt/ollama/bin/ollama
1783330712,60034,0.0,11.2,/opt/homebrew/Cellar/ollama/0.31.1/libexec/lib/ollama/llama-server
1783330712,62829,7.8,1870.8,/opt/homebrew/Cellar/ollama/0.31.1/libexec/lib/ollama/llama-server
1783330714,58925,0.4,17.3,/opt/homebrew/opt/ollama/bin/ollama
1783330714,60034,0.0,11.2,/opt/homebrew/Cellar/ollama/0.31.1/libexec/lib/ollama/llama-server
1783330714,62829,7.6,1870.9,/opt/homebrew/Cellar/ollama/0.31.1/libexec/lib/ollama/llama-server
1783330716,58925,0.5,17.4,/opt/homebrew/opt/ollama/bin/ollama
1783330716,60034,0.0,11.2,/opt/homebrew/Cellar/ollama/0.31.1/libexec/lib/ollama/llama-server
1783330716,62829,8.1,1870.9,/opt/homebrew/Cellar/ollama/0.31.1/libexec/lib/ollama/llama-server
1783330718,58925,0.4,17.4,/opt/homebrew/opt/ollama/bin/ollama
1783330718,60034,0.0,11.2,/opt/homebrew/Cellar/ollama/0.31.1/libexec/lib/ollama/llama-server
1783330718,62829,7.8,1869.8,/opt/homebrew/Cellar/ollama/0.31.1/libexec/lib/ollama/llama-server
1783330720,58925,0.6,17.3,/opt/homebrew/opt/ollama/bin/ollama
1783330720,60034,0.0,11.2,/opt/homebrew/Cellar/ollama/0.31.1/libexec/lib/ollama/llama-server
1783330720,62829,8.9,1870.7,/opt/homebrew/Cellar/ollama/0.31.1/libexec/lib/ollama/llama-server
1783330722,58925,0.4,15.5,/opt/homebrew/opt/ollama/bin/ollama
1783330722,60034,0.0,11.1,/opt/homebrew/Cellar/ollama/0.31.1/libexec/lib/ollama/llama-server
1783330722,62829,7.9,1870.2,/opt/homebrew/Cellar/ollama/0.31.1/libexec/lib/ollama/llama-server
1783330724,58925,0.3,16.0,/opt/homebrew/opt/ollama/bin/ollama
1783330724,60034,0.0,11.1,/opt/homebrew/Cellar/ollama/0.31.1/libexec/lib/ollama/llama-server
1783330724,62829,7.8,1870.5,/opt/homebrew/Cellar/ollama/0.31.1/libexec/lib/ollama/llama-server
1783330726,58925,0.4,25.2,/opt/homebrew/opt/ollama/bin/ollama
1783330726,60034,0.0,11.1,/opt/homebrew/Cellar/ollama/0.31.1/libexec/lib/ollama/llama-server
1783330726,62829,8.2,1870.6,/opt/homebrew/Cellar/ollama/0.31.1/libexec/lib/ollama/llama-server
1783330728,58925,0.3,25.2,/opt/homebrew/opt/ollama/bin/ollama
1783330728,60034,0.0,11.1,/opt/homebrew/Cellar/ollama/0.31.1/libexec/lib/ollama/llama-server
1783330728,62829,7.9,1870.7,/opt/homebrew/Cellar/ollama/0.31.1/libexec/lib/ollama/llama-server
1783330730,58925,1.1,24.5,/opt/homebrew/opt/ollama/bin/ollama
1783330730,60034,0.0,11.1,/opt/homebrew/Cellar/ollama/0.31.1/libexec/lib/ollama/llama-server
1783330730,62829,17.6,1869.3,/opt/homebrew/Cellar/ollama/0.31.1/libexec/lib/ollama/llama-server
1783330733,58925,1.0,24.2,/opt/homebrew/opt/ollama/bin/ollama
1783330733,60034,0.0,11.1,/opt/homebrew/Cellar/ollama/0.31.1/libexec/lib/ollama/llama-server
1783330733,62829,12.9,1869.2,/opt/homebrew/Cellar/ollama/0.31.1/libexec/lib/ollama/llama-server
1783330735,58925,0.5,24.2,/opt/homebrew/opt/ollama/bin/ollama
1783330735,60034,0.0,11.1,/opt/homebrew/Cellar/ollama/0.31.1/libexec/lib/ollama/llama-server
1783330735,62829,8.5,1869.3,/opt/homebrew/Cellar/ollama/0.31.1/libexec/lib/ollama/llama-server
1783330737,58925,0.3,15.3,/opt/homebrew/opt/ollama/bin/ollama
1783330737,60034,0.0,11.1,/opt/homebrew/Cellar/ollama/0.31.1/libexec/lib/ollama/llama-server
1783330737,62829,8.3,1869.4,/opt/homebrew/Cellar/ollama/0.31.1/libexec/lib/ollama/llama-server
1783330739,58925,0.4,15.4,/opt/homebrew/opt/ollama/bin/ollama
1783330739,60034,0.0,11.1,/opt/homebrew/Cellar/ollama/0.31.1/libexec/lib/ollama/llama-server
1783330739,62829,8.0,1869.5,/opt/homebrew/Cellar/ollama/0.31.1/libexec/lib/ollama/llama-server
1783330741,58925,0.6,14.9,/opt/homebrew/opt/ollama/bin/ollama
1783330741,60034,0.0,11.1,/opt/homebrew/Cellar/ollama/0.31.1/libexec/lib/ollama/llama-server
1783330741,62829,8.7,1869.4,/opt/homebrew/Cellar/ollama/0.31.1/libexec/lib/ollama/llama-server
1783330743,58925,0.4,15.3,/opt/homebrew/opt/ollama/bin/ollama
1783330743,60034,0.0,11.1,/opt/homebrew/Cellar/ollama/0.31.1/libexec/lib/ollama/llama-server
1783330743,62829,8.2,1869.4,/opt/homebrew/Cellar/ollama/0.31.1/libexec/lib/ollama/llama-server
1783330745,58925,0.4,15.7,/opt/homebrew/opt/ollama/bin/ollama
1783330745,60034,0.0,11.1,/opt/homebrew/Cellar/ollama/0.31.1/libexec/lib/ollama/llama-server
1783330745,62829,8.0,1869.5,/opt/homebrew/Cellar/ollama/0.31.1/libexec/lib/ollama/llama-server
1783330747,58925,0.5,15.8,/opt/homebrew/opt/ollama/bin/ollama
1783330747,60034,0.0,11.1,/opt/homebrew/Cellar/ollama/0.31.1/libexec/lib/ollama/llama-server
1783330747,62829,7.9,1869.4,/opt/homebrew/Cellar/ollama/0.31.1/libexec/lib/ollama/llama-server
1783330749,58925,0.5,16.0,/opt/homebrew/opt/ollama/bin/ollama
1783330749,60034,0.0,11.2,/opt/homebrew/Cellar/ollama/0.31.1/libexec/lib/ollama/llama-server
1783330749,62829,8.1,1869.6,/opt/homebrew/Cellar/ollama/0.31.1/libexec/lib/ollama/llama-server
1783330751,58925,0.4,16.1,/opt/homebrew/opt/ollama/bin/ollama
1783330751,60034,0.0,11.2,/opt/homebrew/Cellar/ollama/0.31.1/libexec/lib/ollama/llama-server
1783330751,62829,8.3,1869.6,/opt/homebrew/Cellar/ollama/0.31.1/libexec/lib/ollama/llama-server
1783330753,58925,0.4,16.2,/opt/homebrew/opt/ollama/bin/ollama
1783330753,60034,0.0,11.2,/opt/homebrew/Cellar/ollama/0.31.1/libexec/lib/ollama/llama-server
1783330753,62829,7.6,1869.6,/opt/homebrew/Cellar/ollama/0.31.1/libexec/lib/ollama/llama-server
1783330755,58925,0.4,16.4,/opt/homebrew/opt/ollama/bin/ollama
1783330755,60034,0.0,11.2,/opt/homebrew/Cellar/ollama/0.31.1/libexec/lib/ollama/llama-server
1783330755,62829,9.0,1871.1,/opt/homebrew/Cellar/ollama/0.31.1/libexec/lib/ollama/llama-server
1783330757,58925,0.5,16.5,/opt/homebrew/opt/ollama/bin/ollama
1783330757,60034,0.0,11.2,/opt/homebrew/Cellar/ollama/0.31.1/libexec/lib/ollama/llama-server
1783330757,62829,8.6,1871.1,/opt/homebrew/Cellar/ollama/0.31.1/libexec/lib/ollama/llama-server
1783330759,58925,0.5,16.7,/opt/homebrew/opt/ollama/bin/ollama
1783330759,60034,0.0,11.2,/opt/homebrew/Cellar/ollama/0.31.1/libexec/lib/ollama/llama-server
1783330759,62829,8.6,1871.1,/opt/homebrew/Cellar/ollama/0.31.1/libexec/lib/ollama/llama-server
1783330761,58925,0.4,16.8,/opt/homebrew/opt/ollama/bin/ollama
1783330761,60034,0.0,11.2,/opt/homebrew/Cellar/ollama/0.31.1/libexec/lib/ollama/llama-server
1783330761,62829,8.6,1871.1,/opt/homebrew/Cellar/ollama/0.31.1/libexec/lib/ollama/llama-server
1783330763,58925,0.5,17.0,/opt/homebrew/opt/ollama/bin/ollama
1783330763,60034,0.0,11.2,/opt/homebrew/Cellar/ollama/0.31.1/libexec/lib/ollama/llama-server
1783330763,62829,8.7,1871.1,/opt/homebrew/Cellar/ollama/0.31.1/libexec/lib/ollama/llama-server
1783330765,58925,0.5,17.1,/opt/homebrew/opt/ollama/bin/ollama
1783330765,60034,0.0,11.2,/opt/homebrew/Cellar/ollama/0.31.1/libexec/lib/ollama/llama-server
1783330765,62829,8.7,1871.1,/opt/homebrew/Cellar/ollama/0.31.1/libexec/lib/ollama/llama-server
1783330767,58925,0.4,17.1,/opt/homebrew/opt/ollama/bin/ollama
1783330767,60034,0.0,11.2,/opt/homebrew/Cellar/ollama/0.31.1/libexec/lib/ollama/llama-server
1783330767,62829,8.6,1870.8,/opt/homebrew/Cellar/ollama/0.31.1/libexec/lib/ollama/llama-server
1783330769,58925,0.4,17.3,/opt/homebrew/opt/ollama/bin/ollama
1783330769,60034,0.0,11.2,/opt/homebrew/Cellar/ollama/0.31.1/libexec/lib/ollama/llama-server
1783330769,62829,8.6,1870.8,/opt/homebrew/Cellar/ollama/0.31.1/libexec/lib/ollama/llama-server
1783330771,58925,0.5,17.3,/opt/homebrew/opt/ollama/bin/ollama
1783330771,60034,0.0,11.2,/opt/homebrew/Cellar/ollama/0.31.1/libexec/lib/ollama/llama-server
1783330771,62829,8.7,1870.8,/opt/homebrew/Cellar/ollama/0.31.1/libexec/lib/ollama/llama-server
1783330773,58925,0.6,16.7,/opt/homebrew/opt/ollama/bin/ollama
1783330773,60034,0.0,11.2,/opt/homebrew/Cellar/ollama/0.31.1/libexec/lib/ollama/llama-server
1783330773,62829,8.8,1870.7,/opt/homebrew/Cellar/ollama/0.31.1/libexec/lib/ollama/llama-server
1783330776,58925,0.4,16.8,/opt/homebrew/opt/ollama/bin/ollama
1783330776,60034,0.0,11.2,/opt/homebrew/Cellar/ollama/0.31.1/libexec/lib/ollama/llama-server
1783330776,62829,8.2,1870.7,/opt/homebrew/Cellar/ollama/0.31.1/libexec/lib/ollama/llama-server
1783330778,58925,0.5,16.1,/opt/homebrew/opt/ollama/bin/ollama
1783330778,60034,0.0,11.2,/opt/homebrew/Cellar/ollama/0.31.1/libexec/lib/ollama/llama-server
1783330778,62829,7.7,1870.5,/opt/homebrew/Cellar/ollama/0.31.1/libexec/lib/ollama/llama-server
1783330780,58925,0.6,15.4,/opt/homebrew/opt/ollama/bin/ollama
1783330780,60034,0.0,11.1,/opt/homebrew/Cellar/ollama/0.31.1/libexec/lib/ollama/llama-server
1783330780,62829,7.9,1870.5,/opt/homebrew/Cellar/ollama/0.31.1/libexec/lib/ollama/llama-server
1783330782,58925,0.6,10.9,/opt/homebrew/opt/ollama/bin/ollama
1783330782,60034,0.0,11.1,/opt/homebrew/Cellar/ollama/0.31.1/libexec/lib/ollama/llama-server
1783330782,62829,7.6,1868.6,/opt/homebrew/Cellar/ollama/0.31.1/libexec/lib/ollama/llama-server
1783330784,58925,0.4,11.1,/opt/homebrew/opt/ollama/bin/ollama
1783330784,60034,0.0,11.1,/opt/homebrew/Cellar/ollama/0.31.1/libexec/lib/ollama/llama-server
1783330784,62829,7.9,1868.8,/opt/homebrew/Cellar/ollama/0.31.1/libexec/lib/ollama/llama-server
1783330786,58925,0.6,11.1,/opt/homebrew/opt/ollama/bin/ollama
1783330786,60034,0.0,11.1,/opt/homebrew/Cellar/ollama/0.31.1/libexec/lib/ollama/llama-server
1783330786,62829,8.3,1868.9,/opt/homebrew/Cellar/ollama/0.31.1/libexec/lib/ollama/llama-server
1783330788,58925,0.4,11.2,/opt/homebrew/opt/ollama/bin/ollama
1783330788,60034,0.0,11.1,/opt/homebrew/Cellar/ollama/0.31.1/libexec/lib/ollama/llama-server
1783330788,62829,7.3,1868.9,/opt/homebrew/Cellar/ollama/0.31.1/libexec/lib/ollama/llama-server
1783330790,58925,0.9,11.3,/opt/homebrew/opt/ollama/bin/ollama
1783330790,60034,0.0,11.1,/opt/homebrew/Cellar/ollama/0.31.1/libexec/lib/ollama/llama-server
1783330790,62829,9.6,1870.5,/opt/homebrew/Cellar/ollama/0.31.1/libexec/lib/ollama/llama-server
1783330792,58925,0.6,11.1,/opt/homebrew/opt/ollama/bin/ollama
1783330792,60034,0.0,11.0,/opt/homebrew/Cellar/ollama/0.31.1/libexec/lib/ollama/llama-server
1783330792,62829,8.2,1870.3,/opt/homebrew/Cellar/ollama/0.31.1/libexec/lib/ollama/llama-server
1783330794,58925,0.5,11.4,/opt/homebrew/opt/ollama/bin/ollama
1783330794,60034,0.0,11.1,/opt/homebrew/Cellar/ollama/0.31.1/libexec/lib/ollama/llama-server
1783330794,62829,8.5,1870.3,/opt/homebrew/Cellar/ollama/0.31.1/libexec/lib/ollama/llama-server
1783330796,58925,1.3,21.7,/opt/homebrew/opt/ollama/bin/ollama
1783330796,60034,0.0,11.1,/opt/homebrew/Cellar/ollama/0.31.1/libexec/lib/ollama/llama-server
1783330796,62829,8.6,1870.3,/opt/homebrew/Cellar/ollama/0.31.1/libexec/lib/ollama/llama-server
1783330798,58925,0.4,21.7,/opt/homebrew/opt/ollama/bin/ollama
1783330798,60034,0.0,11.1,/opt/homebrew/Cellar/ollama/0.31.1/libexec/lib/ollama/llama-server
1783330798,62829,8.3,1870.4,/opt/homebrew/Cellar/ollama/0.31.1/libexec/lib/ollama/llama-server
1783330800,58925,0.6,21.8,/opt/homebrew/opt/ollama/bin/ollama
1783330800,60034,0.0,11.1,/opt/homebrew/Cellar/ollama/0.31.1/libexec/lib/ollama/llama-server
1783330800,62829,8.5,1870.4,/opt/homebrew/Cellar/ollama/0.31.1/libexec/lib/ollama/llama-server
1783330802,58925,0.4,21.8,/opt/homebrew/opt/ollama/bin/ollama
1783330802,60034,0.0,11.1,/opt/homebrew/Cellar/ollama/0.31.1/libexec/lib/ollama/llama-server
1783330802,62829,8.2,1870.4,/opt/homebrew/Cellar/ollama/0.31.1/libexec/lib/ollama/llama-server
1783330804,58925,0.5,21.8,/opt/homebrew/opt/ollama/bin/ollama
1783330804,60034,0.0,11.1,/opt/homebrew/Cellar/ollama/0.31.1/libexec/lib/ollama/llama-server
1783330804,62829,8.4,1870.4,/opt/homebrew/Cellar/ollama/0.31.1/libexec/lib/ollama/llama-server
1783330806,58925,0.6,21.7,/opt/homebrew/opt/ollama/bin/ollama
1783330806,60034,0.0,11.1,/opt/homebrew/Cellar/ollama/0.31.1/libexec/lib/ollama/llama-server
1783330806,62829,8.4,1870.4,/opt/homebrew/Cellar/ollama/0.31.1/libexec/lib/ollama/llama-server
1783330808,58925,0.5,21.7,/opt/homebrew/opt/ollama/bin/ollama
1783330808,60034,0.0,11.2,/opt/homebrew/Cellar/ollama/0.31.1/libexec/lib/ollama/llama-server
1783330808,62829,8.1,1870.4,/opt/homebrew/Cellar/ollama/0.31.1/libexec/lib/ollama/llama-server
1783330810,58925,0.6,21.7,/opt/homebrew/opt/ollama/bin/ollama
1783330810,60034,0.0,11.2,/opt/homebrew/Cellar/ollama/0.31.1/libexec/lib/ollama/llama-server
1783330810,62829,8.4,1870.4,/opt/homebrew/Cellar/ollama/0.31.1/libexec/lib/ollama/llama-server
1783330813,58925,0.6,21.7,/opt/homebrew/opt/ollama/bin/ollama
1783330813,60034,0.0,11.2,/opt/homebrew/Cellar/ollama/0.31.1/libexec/lib/ollama/llama-server
1783330813,62829,8.7,1870.3,/opt/homebrew/Cellar/ollama/0.31.1/libexec/lib/ollama/llama-server
1783330815,58925,0.5,21.6,/opt/homebrew/opt/ollama/bin/ollama
1783330815,60034,0.0,11.2,/opt/homebrew/Cellar/ollama/0.31.1/libexec/lib/ollama/llama-server
1783330815,62829,8.1,1870.3,/opt/homebrew/Cellar/ollama/0.31.1/libexec/lib/ollama/llama-server
1783330817,58925,0.4,21.6,/opt/homebrew/opt/ollama/bin/ollama
1783330817,60034,0.0,11.2,/opt/homebrew/Cellar/ollama/0.31.1/libexec/lib/ollama/llama-server
1783330817,62829,8.1,1870.3,/opt/homebrew/Cellar/ollama/0.31.1/libexec/lib/ollama/llama-server
1783330819,58925,0.5,21.4,/opt/homebrew/opt/ollama/bin/ollama
1783330819,60034,0.0,11.2,/opt/homebrew/Cellar/ollama/0.31.1/libexec/lib/ollama/llama-server
1783330819,62829,8.2,1869.1,/opt/homebrew/Cellar/ollama/0.31.1/libexec/lib/ollama/llama-server
1783330821,58925,0.5,21.2,/opt/homebrew/opt/ollama/bin/ollama
1783330821,60034,0.0,11.1,/opt/homebrew/Cellar/ollama/0.31.1/libexec/lib/ollama/llama-server
1783330821,62829,7.6,1869.0,/opt/homebrew/Cellar/ollama/0.31.1/libexec/lib/ollama/llama-server
1783330823,58925,0.6,21.2,/opt/homebrew/opt/ollama/bin/ollama
1783330823,60034,0.0,11.1,/opt/homebrew/Cellar/ollama/0.31.1/libexec/lib/ollama/llama-server
1783330823,62829,8.1,1869.1,/opt/homebrew/Cellar/ollama/0.31.1/libexec/lib/ollama/llama-server
1783330825,58925,0.5,21.3,/opt/homebrew/opt/ollama/bin/ollama
1783330825,60034,0.0,11.1,/opt/homebrew/Cellar/ollama/0.31.1/libexec/lib/ollama/llama-server
1783330825,62829,8.8,1870.7,/opt/homebrew/Cellar/ollama/0.31.1/libexec/lib/ollama/llama-server
1783330827,58925,0.6,21.3,/opt/homebrew/opt/ollama/bin/ollama
1783330827,60034,0.0,11.1,/opt/homebrew/Cellar/ollama/0.31.1/libexec/lib/ollama/llama-server
1783330827,62829,9.0,1870.7,/opt/homebrew/Cellar/ollama/0.31.1/libexec/lib/ollama/llama-server
1783330829,58925,0.5,21.3,/opt/homebrew/opt/ollama/bin/ollama
1783330829,60034,0.0,11.1,/opt/homebrew/Cellar/ollama/0.31.1/libexec/lib/ollama/llama-server
1783330829,62829,8.3,1870.7,/opt/homebrew/Cellar/ollama/0.31.1/libexec/lib/ollama/llama-server
1783330831,58925,0.6,12.1,/opt/homebrew/opt/ollama/bin/ollama
1783330831,60034,0.0,11.1,/opt/homebrew/Cellar/ollama/0.31.1/libexec/lib/ollama/llama-server
1783330831,62829,8.4,1870.6,/opt/homebrew/Cellar/ollama/0.31.1/libexec/lib/ollama/llama-server
1783330833,58925,0.6,12.2,/opt/homebrew/opt/ollama/bin/ollama
1783330833,60034,0.0,11.1,/opt/homebrew/Cellar/ollama/0.31.1/libexec/lib/ollama/llama-server
1783330833,62829,8.0,1870.8,/opt/homebrew/Cellar/ollama/0.31.1/libexec/lib/ollama/llama-server
1783330835,58925,0.6,12.4,/opt/homebrew/opt/ollama/bin/ollama
1783330835,60034,0.0,11.1,/opt/homebrew/Cellar/ollama/0.31.1/libexec/lib/ollama/llama-server
1783330835,62829,8.3,1870.9,/opt/homebrew/Cellar/ollama/0.31.1/libexec/lib/ollama/llama-server
1783330837,58925,0.6,12.5,/opt/homebrew/opt/ollama/bin/ollama
1783330837,60034,0.0,11.1,/opt/homebrew/Cellar/ollama/0.31.1/libexec/lib/ollama/llama-server
1783330837,62829,8.3,1870.9,/opt/homebrew/Cellar/ollama/0.31.1/libexec/lib/ollama/llama-server
1783330839,58925,0.6,12.3,/opt/homebrew/opt/ollama/bin/ollama
1783330839,60034,0.0,11.1,/opt/homebrew/Cellar/ollama/0.31.1/libexec/lib/ollama/llama-server
1783330839,62829,8.2,1870.5,/opt/homebrew/Cellar/ollama/0.31.1/libexec/lib/ollama/llama-server
1783330841,58925,0.6,12.4,/opt/homebrew/opt/ollama/bin/ollama
1783330841,60034,0.0,11.1,/opt/homebrew/Cellar/ollama/0.31.1/libexec/lib/ollama/llama-server
1783330841,62829,8.4,1870.4,/opt/homebrew/Cellar/ollama/0.31.1/libexec/lib/ollama/llama-server
1783330843,58925,0.6,12.5,/opt/homebrew/opt/ollama/bin/ollama
1783330843,60034,0.0,11.1,/opt/homebrew/Cellar/ollama/0.31.1/libexec/lib/ollama/llama-server
1783330843,62829,8.1,1870.4,/opt/homebrew/Cellar/ollama/0.31.1/libexec/lib/ollama/llama-server
1783330845,58925,0.6,12.6,/opt/homebrew/opt/ollama/bin/ollama
1783330845,60034,0.0,11.1,/opt/homebrew/Cellar/ollama/0.31.1/libexec/lib/ollama/llama-server
1783330845,62829,9.0,1870.5,/opt/homebrew/Cellar/ollama/0.31.1/libexec/lib/ollama/llama-server
1783330847,58925,0.6,12.7,/opt/homebrew/opt/ollama/bin/ollama
1783330847,60034,0.0,11.1,/opt/homebrew/Cellar/ollama/0.31.1/libexec/lib/ollama/llama-server
1783330847,62829,7.8,1870.5,/opt/homebrew/Cellar/ollama/0.31.1/libexec/lib/ollama/llama-server
1783330849,58925,0.6,12.8,/opt/homebrew/opt/ollama/bin/ollama
1783330849,60034,0.0,11.1,/opt/homebrew/Cellar/ollama/0.31.1/libexec/lib/ollama/llama-server
1783330849,62829,8.0,1870.4,/opt/homebrew/Cellar/ollama/0.31.1/libexec/lib/ollama/llama-server
1783330851,58925,0.6,12.9,/opt/homebrew/opt/ollama/bin/ollama
1783330851,60034,0.0,11.1,/opt/homebrew/Cellar/ollama/0.31.1/libexec/lib/ollama/llama-server
1783330851,62829,8.0,1869.0,/opt/homebrew/Cellar/ollama/0.31.1/libexec/lib/ollama/llama-server
1783330853,58925,1.0,11.4,/opt/homebrew/opt/ollama/bin/ollama
1783330853,60034,0.0,11.1,/opt/homebrew/Cellar/ollama/0.31.1/libexec/lib/ollama/llama-server
1783330853,62829,15.6,1868.7,/opt/homebrew/Cellar/ollama/0.31.1/libexec/lib/ollama/llama-server
1783330856,58925,0.6,11.1,/opt/homebrew/opt/ollama/bin/ollama
1783330856,60034,0.0,11.1,/opt/homebrew/Cellar/ollama/0.31.1/libexec/lib/ollama/llama-server
1783330856,62829,8.5,1868.6,/opt/homebrew/Cellar/ollama/0.31.1/libexec/lib/ollama/llama-server
1783330858,58925,0.6,11.3,/opt/homebrew/opt/ollama/bin/ollama
1783330858,60034,0.0,11.1,/opt/homebrew/Cellar/ollama/0.31.1/libexec/lib/ollama/llama-server
1783330858,62829,8.4,1868.9,/opt/homebrew/Cellar/ollama/0.31.1/libexec/lib/ollama/llama-server
1783330860,58925,0.6,11.4,/opt/homebrew/opt/ollama/bin/ollama
1783330860,60034,0.0,11.1,/opt/homebrew/Cellar/ollama/0.31.1/libexec/lib/ollama/llama-server
1783330860,62829,8.3,1869.0,/opt/homebrew/Cellar/ollama/0.31.1/libexec/lib/ollama/llama-server
1783330862,58925,0.8,11.5,/opt/homebrew/opt/ollama/bin/ollama
1783330862,60034,0.0,11.1,/opt/homebrew/Cellar/ollama/0.31.1/libexec/lib/ollama/llama-server
1783330862,62829,9.1,1870.6,/opt/homebrew/Cellar/ollama/0.31.1/libexec/lib/ollama/llama-server
1783330864,58925,0.8,11.8,/opt/homebrew/opt/ollama/bin/ollama
1783330864,60034,0.0,11.1,/opt/homebrew/Cellar/ollama/0.31.1/libexec/lib/ollama/llama-server
1783330864,62829,9.6,1870.6,/opt/homebrew/Cellar/ollama/0.31.1/libexec/lib/ollama/llama-server
1783330866,58925,0.6,11.9,/opt/homebrew/opt/ollama/bin/ollama
1783330866,60034,0.0,11.1,/opt/homebrew/Cellar/ollama/0.31.1/libexec/lib/ollama/llama-server
1783330866,62829,9.0,1870.6,/opt/homebrew/Cellar/ollama/0.31.1/libexec/lib/ollama/llama-server
1783330868,58925,0.6,12.1,/opt/homebrew/opt/ollama/bin/ollama
1783330868,60034,0.0,11.1,/opt/homebrew/Cellar/ollama/0.31.1/libexec/lib/ollama/llama-server
1783330868,62829,8.6,1870.7,/opt/homebrew/Cellar/ollama/0.31.1/libexec/lib/ollama/llama-server
1783330870,58925,0.5,21.5,/opt/homebrew/opt/ollama/bin/ollama
1783330870,60034,0.0,11.1,/opt/homebrew/Cellar/ollama/0.31.1/libexec/lib/ollama/llama-server
1783330870,62829,8.2,1870.7,/opt/homebrew/Cellar/ollama/0.31.1/libexec/lib/ollama/llama-server
1783330872,58925,0.5,21.5,/opt/homebrew/opt/ollama/bin/ollama
1783330872,60034,0.0,11.1,/opt/homebrew/Cellar/ollama/0.31.1/libexec/lib/ollama/llama-server
1783330872,62829,8.7,1870.7,/opt/homebrew/Cellar/ollama/0.31.1/libexec/lib/ollama/llama-server
1783330874,58925,0.5,21.5,/opt/homebrew/opt/ollama/bin/ollama
1783330874,60034,0.0,11.1,/opt/homebrew/Cellar/ollama/0.31.1/libexec/lib/ollama/llama-server
1783330874,62829,8.7,1870.7,/opt/homebrew/Cellar/ollama/0.31.1/libexec/lib/ollama/llama-server
1783330876,58925,0.6,21.5,/opt/homebrew/opt/ollama/bin/ollama
1783330876,60034,0.0,11.1,/opt/homebrew/Cellar/ollama/0.31.1/libexec/lib/ollama/llama-server
1783330876,62829,8.6,1870.7,/opt/homebrew/Cellar/ollama/0.31.1/libexec/lib/ollama/llama-server
1783330878,58925,0.6,21.5,/opt/homebrew/opt/ollama/bin/ollama
1783330878,60034,0.0,11.1,/opt/homebrew/Cellar/ollama/0.31.1/libexec/lib/ollama/llama-server
1783330878,62829,8.6,1870.9,/opt/homebrew/Cellar/ollama/0.31.1/libexec/lib/ollama/llama-server
1783330880,58925,0.6,21.5,/opt/homebrew/opt/ollama/bin/ollama
1783330880,60034,0.0,11.1,/opt/homebrew/Cellar/ollama/0.31.1/libexec/lib/ollama/llama-server
1783330880,62829,8.4,1870.5,/opt/homebrew/Cellar/ollama/0.31.1/libexec/lib/ollama/llama-server
